ŝywiecka kiełbasa sucha z szynki.;90 g;auchan;187;
ŝywiec Zdrój z Nutą. Napój niegazowany o smaku truskawkowym.;1500 ml;kaufland;18.sie;
ŝywiec Zdrój z Nutą. Napój niegazowany o smaku truskawki;500 ml;kaufland;18.wrz;
ŝywiec Zdrój z Nutą. Napój niegazowany o smaku malinowym;500 ml;auchan;18;
ŝywiec Zdroj z Nutą. Napój niegazowany o smaku jabłkowym. Pasteryzowany;500 ml;kaufland;18.lip;
ŝurek;1 l;auchan;25;
ŝurek;49 g;dino;21;
ŝurawina suszona cięta;100 g;auchan;353;
ŝurawina;1 l;auchan;47;
ŝelki z nadzieniem owocowym w kwaśnej posypce;200 g;biedronka;330;
ŝelki o smaku owocowym;1000g;lidl;335;
Zupka chińska ser w ziołach;61 g;auchan;94;
Zupa pomidorowa z mięsem wieprzowym;450 g;auchan;41;
Zupa pomidorowa instant;63 g;biedronka;290;
Zupa ogórkowa z koperkiem;500 g;auchan;20;
Zupa gulaszowa.;500 g;auchan;51;
Zielone oliwki bez pestek w zalewie.;250 g;auchan;149;
Zielona herbata w torebkach;72 g (40 x 1,8 g);polska-chata;0;
zielona budka lody truskawkowe;1 l;auchan;114;
Zestaw FAJITAS;505 g;carrefour;326;
Zestaw BURRITOS;510 g;carrefour;326;
Zenek;250 ml;auchan;46;
Ze zboşami i suszonymi jabłkami;125 g (6 x 20.8 g);intermarche;373;
Yogurt;330 ml;auchan;83;
Wyrób cukierniczy PISMANIYE (kłębek wełny);250 g;e-leclerc;443;
Wydojone;1 l;mila;44;
WW gorzka czekolada;47 g;dino;483;
WW;47 g;dino;540;
Wołowina w sosie własnym;300 g;auchan;189;
Winogrona;1 l;carrefour;63;
Winiary Majonez Dekoracyjny;500 ml;biedronka;704;
Wieloowocowy;2 l;carrefour;25;
Wielkopolskie masło;250 g;tesco;748;
Wege lunch z papryka i ryźem;250 g;auchan;164;
Wegańska jaglanka na kokosie;210 g;auchan;134;
Wegańska chia na kokosie;140 g;auchan;110;
Weganskie pierogi;300 g;auchan;198;
Wedel extra dark chocolate;100 g;auchan;497;
Waterrr Strawberry;500 ml;sainsbury-s;23;
Warzywa na patelnię ze szpinakiem;450 g;auchan;64;
Wafle wieloziarniste z chia;100 g;aldi;389;
Wafle tortowe suche;150 g;auchan;401;
Wafle tortowe 5 listków;170 g;abc;414;
Wafle ryşowe z sezamem;90 g;polska-chata;400;
Wafle ryşowe musli;100 g;biedronka;395;
Wafle ryşowe musli;100 g (10 x 10 g);lidl;39;
Wafle przekładane nadzieniem o smaku krówkowym;300 g;dino;541;
Wafle pomidorowe z ziołami prowansalskimi i chili;90 g;auchan;407;
Wafle Kukurydziane z Kaszą jaglaną i Pieprzem;105 g;biedronka;386;
Waffelini Chocomax;31 g;auchan;525;
Wafelki zboşowe Kukurydziane;95 g;carrefour;378;
Wafelki z kremem kawowym w czekoladzie (43%).;235 g;biedronka;536;
Wafelek z nadzieniem kakaowym (53%) z czekoladzie (27%).;40 g;kaufland;524;
Wafelek z kremem o smaku orzechowym oblany czekoladą mleczną.;50 g;auchan;526;
Wafelek w obwodowej polewie kakaowej z kremowym nadzieniem (72%) z czekoladą;50 g;dino;531;
Wafelek w obwodowej polewie kakaowej z kremowym nadzieniem (72%) kokosowym;50 g;dino;562;
Wafelek o smaku orzechowym w czekoladzie;40 g;auchan;533;
Wafel z orzechowo-kokosowym nadzieniem pokryty orzechami laskowymi oblany czekoladą mleczną z mleka alpejskiego 30%.;31,5 g;auchan;547;
Wafel w czekoladzie 28% przekładany kremem 53% o smaku czekoladowym.;46 g;auchan;527;
Wafel teatralny classic;33 g;polska-chata;541;
Wafel teatralny classic;46 g;polska-chata;528;
Wafel przekładany kremem orzechowym w czekoladzie mlecznej.;48 g;auchan;535;
Wafel przekładany kremem orzechowym w czekoladzie mlecznej;50 g;biedronka;536;
Wafel przekładany kremem orzechowym w czekoladzie mlecznej;50 g;netto;545;
Wafel przekładany kremem o smaku toffi w czekoladzie mlecznej;50 g;biedronka;539;
Wafel przekładany kremem o smaku toffi w czekoladzie mlecznej;50 g;netto;542;
Wafel przekładany kremem mlecznym (47%) oblany mleczną czekoladą;26 g;dino;529;
Wafel przekładany kremem kokosowym w czekoladzie mlecznej;50 g;biedronka;533;
Wafel przekładany kremem kakaowym w czekoladzie;50 g;netto;538;
Wafel przekładany kremem kakaowym oblany deserową czekoladą;41 g;dino;541;
Wafel przekładany kremem kakaowym (529%) w czekoladzie;50 g;biedronka;533;
Wafel przekładany kremem kakaowym;30 g;netto;546;
Vitanella smoothie baton rabarbar-truskawka;40g;biedronka;343;
Vitaminka;1 l;auchan;46;
Vegetable samosas;400 g;lidl;145;
Vegetable salad with eggs;500 g;biedronka;227;
Uszka z kapustą i grzybami;250 g;auchan;221;
Tzatziki;400 g;kaufland;109;
Tymbark Nektar Ananas;1 l;auchan;50;
Tylşycki - ser topiony kremowy;100 g;lidl;220;
Tworóg półtłusty;250 g;asda;111;
Twaróg wędzony;250 g;lidl;217;
Twaróg śmietankowy średzki extra;250 g;auchan;217;
Twaróg śmietankowy;250 g;dino;211;
Twaróg półtłusty z Opola lubelskiego;250 g;auchan;116;
Twaróg półtłusty Delikate;250g;biedronka;116;
Twaróg półtłusty;250 g;biedronka;113;
Twaróg Klinek półtłusty;250 g;biedronka;117;
Twaróg Klinek półtłusty;250g;biedronka;111;
Twaróg Klinek chudy;250 g;biedronka;86;
Twaróg extra;429 g;intermarche;109;
Twaróg chudy;250 g;chata-polska;96;
Twaróg;250 g;intermarche;109;
Twaroşek wiejski luksusowy;200 g;carrefour;142;
Turystyczna konserwowa;300g;tesco;263;
Tuńczyk w kawałkach w oleju roślinnym;120 g (przed odsączeniem 170 g);auchan;245;
Tuńczyk rozdrobniony w oleju roślinnym.;130 g (przed odsączeniem 185 g);dino;223;
Tuńczyk kawałki w sosie własnym.;120 g (przed odsączeniem 170 g);dino;94;
Tuńczyk kawałki w sosie własnym;130 g (przed odsączeniem 185 g);biedronka;114;
Tuńczyk kawałki w sosie własnym;294 g (3 x 98 g);biedronka;68;
Tuńczyk kawałki w oleju roślinnym.;120 g (przed odsączeniem 170 g);dino;141;
Tuńczyk kawałki w bulionie warzywnym.;112 g (przed odsączeniem 160 g);dino;85;
Tuńczyk jednolity w oliwie z oliwek;104 g (przed odsączeniem 160 g);biedronka;230;
Tuna chunks in brine;168 g (3 x 56 g) (przed odsączeniem 240 g (3 x 80 g));auchan;97;
Truskawkowa czekolada nadziewana;300 g;biedronka;500;
Tropikalny koktajl owocowy;440 g;biedronka;65;
Trips kukurydziane;110 g;lidl;378;
Tradycyjnie masło z Łosic;200 g;intermarche;760;
Tost pszenny;500 gram;auchan;271;
Tortilla Chipsy Kukurydziane Solone;175 g;biedronka;494;
Tortilla Chips Szpinakowe;135 g;biedronka;507;
Tortilla Chips Sea Salt;125 g;piotr-i-paweł;480;
Tortilla Chips Salt;300 g;netto;481;
Tortilla Chips Original;185 g;carrefour;500;
Tortilla Chips original;200 g;piotr-i-paweł;472;
TORTILLA CHIPS O smaku chili;200 g;carrefour;472;
Tortilla - placki pszenne;296 g (8 x 37 g);auchan;315;
Tortilla;306 g;biedronka;300;
Top Sticks;125 g;biedronka;516;
Top chips faliste;200 g;biedronka;542;
Tomato juice;330 ml;tesco;19;
Tomates sÊchÊes à l'huile;285 g (140 g ÊgouttÊ);lidl;163;
tofu ahumado;180 g;lidl;134;
Tofflairs czekoladowo-mleczny;120 g;auchan;449;
Tłuszcz roślinny do smarowania 45 %.;600 g;tesco;398;
Tłuszcz roślinny do smarowania 35% z dodatkiem steroli roslinnych.;400 g;biedronka;310;
Tłuszcz roślinny do smarowania 20%;1 kg;lidl;180;
Tłuszcz roslinny do smarowania 45 %.;500 g;biedronka;398;
Tłoczony sok jabłkowo-wiśniowy;3 l;auchan;44;
Tiramisu czekolada nadziewana;290 g;biedronka;521;
Tiger energy drink;900 ml;lewiatan;46;
Tic Tak jabłkowy mix. Draşetki o smaku jabłkowym.;18 g;biedronka;395;
the real creamed coconut;250g;rossmann;610;
Tatar wołowina;250 g;biedronka;116;
Taco shells;158,4 g;auchan;464;
Taccos Bacon flavour;150g;biedronka;496;
Świeşe mleko 2%;1 l;lidl;49;
Świeşe mleko;1 l;mila;60;
Świeşe jaja;10 szt.;biedronka;139;
Świeşe daktyle medjool BIO;120 g;biedronka;284;
Śnieşka oryginalna;51 g;mila;141;
Śnieşka;60 g;mila;152;
Śniadaniowa energy;400 g;kaufland;540;
Śmietanka UHT 36% Łowicka;500 ml;biedronka;344;
śmietanka UHT 18%;500 ml;biedronka;186;
Śmietanka 12% do kawy;500 ml;biedronka;134;
Śmietana 18%;400 g;lidl;189;
śmietana 12% do sałatek;330g;biedronka;136;
Śmietana 12%;180 g;auchan;135;
Śmietana 12%;400 g;lidl;136;
Śliwki suszone bez pestek;400 g;auchan;282;
Śliwki suszone bez pestek;400 g;biedronka;288;
Śliwki suszone bez pestek;500g;dino;282;
Śliwki suszone bez pestek;200 g;dino;282;
Śliwki suszone;200 g;biedronka;282;
Śledź w sosie pomidorowym.;170 g;auchan;134;
Śledź w sosie pomidorowym.;175 g;auchan;130;
Śledź w oleju po gdańsku;170g;lewiatan;422;
Śledź atlantycki opiekamy;350 g (przed odsączeniem 700 g);kaufland;267;
szynka zawedzana;250g;biedronka;102;
Szynka z fileta kurczaka;10 g;biedronka;113;
Szynka szwarcwaldzka;100 g;aldi;239;
Szynka Serrano Tapas;120 g;biedronka;250;
Szynka od Szwagra;100 g;netto;185;
Szynka konserwowa z galaretką;455 g;biedronka;114;
Szynka Konserwowa;200 g;biedronka;99;
Szynka delikatesowa z kurcząt;100 g;biedronka;01.lip;
Szynka;250 g;biedronka;94;
Szybki śledzik;110 g;biedronka;331;
Szprot wędzony na gorąco;125 g;auchan;229;
Szprot w sosie pomidorowym.;175 g;auchan;141;
Szprot w sosie pomidorowym.;175 g;auchan;131;
Szprot w sosie pomidorowym;170 g;auchan;127;
Szprot w pikantnym sosie pomidorowym.;170 g;auchan;206;
Szprot w oleju roslinnym;170 g;kaufland;223;
Szpinak myty;200 g;auchan;23;
Szpinak młody;200 g;intermarche;34;
Syrop z kwaitów hibiskusa;250 ml;biedronka;280;
Syrop wysokosłodzony o smaku wiśnia;500 ml;tesco;330;
Syrop o smaku malinowo-cytrynowym;1,5 l;biedronka;38;
Sylt Lingon;400g;ikea;170;
Suszone pomidory w oleju słonecznikowym.;160 g (przed odsączeniem 280 g);auchan;553;
Suszone plasterki jabłka;27.5 g;biedronka;364;
suszona şurawina;100g;biedronka;330;
Surówka z porem i jabłkiem;450 g;biedronka;84;
Surówka z młodej kapusty.;300 g;biedronka;91;
Surówka z czerwonej kapusty.;300 g;biedronka;87;
Surówka z białej kapusty z marchewką i natką pietruszki;450 g;biedronka;102;
Surówka z białej kapusty;450 g;biedronka;88;
Surówka ukraińska;300 g;auchan;136;
Surówka selerowa;300 g;auchan;124;
Surówka Parytasek;450 g;biedronka;93;
Surówka Colesław;300 g;auchan;83;
Super mix odporność;150g;biedronka;1561;
Sunflower Lecithin;473ml;https-testosterone-pl-lecytyna;800;
Sucharki Pełnoziarniste;300 g;carrefour;387;
Sucharki Naturalne;300 g;carrefour;398;
Stylesse Owoce leśne;300 g;carrefour;371;
Stylesse NISKA ZAWARTOŚĆ CUKRÓW;500 g;carrefour;353;
Stylesse Naturalne;750 g;carrefour;373;
Stylesse MLECZNA CZEKOLADA;500 g;carrefour;399;
Stylesse Gorzka czekolada;500 g;carrefour;400;
Strawberry Conserve;450g;lidl;241;
Stek z tuńczyka w pikantnym oleju.;104 g (2 x 52 g);auchan;263;
Stek z soi pszenicy i groszku;400 g;carrefour;235;
Stek z soi pszenicy i groszku;400 g;carrefour;235;
Stek z łososia;125 g;netto;211;
Star chrupki o smaku zielona cebulka;120 g;netto;496;
Spód tortowy jasny 3-warstwowy;400g;auchan;349;
Spody do pizzy na bazie mąki pszennej;280 g;lidl;306;
Spirulina&Cytryna;35 g;maroko;340;
Spaguetti;500 g;biedronka;357;
Spaghetti;1 kg;carrefour;352;
Sour Fruits - Kwaśne şelki o smaku owocowym.;200 g;lidl;336;
Sos włoski z czosnkiem i bazylią.;360 g;auchan;64;
Sos Wiśniowy;200 g;kaufland;268;
Sos Węgierski z Pieczarkami;550 g;kaufland;62;
Sos tatarski;250 g;auchan;537;
Sos tatarski;205 g (240 ml);auchan;519;
Sos tatarski;230 g;auchan;406;
Sos tatarski;185 g;auchan;402;
Sos Spaghetti z ziołami;500 g;lewiatan;72;
SOS Spaghetti;520 g;biedronka;95;
Sos pomidorowy z boczkiem;350 g;auchan;72;
Sos pomidorowy;500 g;lewiatan;60;
Sos pieczeniowy ciemny;28 g;biedronka;35;
Sos Neapolitański z papryką.;550 g;auchan;58;
Sos meksykański;1 kg;intermarche;88;
Sos hot-dog remulada;400 g;społem;328;
Sos Duński Remoulada;950 g;intermarche;277;
Sos do spaghetti pomidorowo-śmietankowy.;550 g;kaufland;57;
Sos do makaronu serowo-pieczarkowy;29 g;dino;60;
Sos curry mango;225 g;biedronka;328;
Sos Curry;560 g;kaufland;152;
Sos Chili con carne z mięsem mielonym;350 g;irena;102;
Sos Boloński z ziołami;550 g;kaufland;73;
Sos Boloński z mięsem;500 g;lewiatan;65;
Sos Boloński z bazylią;500 g;lewiatan;51;
Sos Boloński;360 g;auchan;59;
Sos BBQ;560 g;kaufland;128;
Sos Barbecue. Sos do grilla z cebulą i papryką;250 g;biedronka;142;
Sos amerykański;950 g;intermarche;279;
Sorgo czerwone;400 g (4 x 100 g);auchan;347;
Sorgo białe;400 g (4 x 100 g);auchan;349;
Sorbet mango;650 g;biedronka;106;
SonnenblumenÜl;1 l;lidl;828;
Solevita Jus de Pomme 100% Pur Jus;1 l;lidl;44;
Sok z warzyw i owoców częściowo z soku zagęszczonego z dodatkiem witaminy C.;900 ml;şabka;46;
Sok z marchwi jabłek i malin;1 l;auchan;47;
Sok z marchwi bananów i jabłek;1 l;auchan;48;
Sok z marchwi;1 l;auchan;37;
Sok z marchwi;1 l;auchan;33;
Sok z jabłek marchwi i truskawek;1 l;auchan;46;
Sok z jabłek bananów i marchwi;1 l;auchan;46;
Sok z jabłek i owoców jagodowych;1 l;lidl;49;
Sok z buraków i jabłek;1 l;auchan;36;
Sok z brzoskwiń marchwi i jabłek z dodatkiem witamin C i E.;1 l;biedronka;48;
Sok Wielowarzywny 1L Fort.;1 l;auchan;20;
Sok wieloowocowo marchwiowy;1 l;dino;46;
Sok tłoczony Mandarynka;750 ml;lidl;40;
sok tłoczony;330 ml;lidl;46;
Sok pomidorowy z zagęszczonego soku pomidorowego z chili i pieprzem.;1 l;biedronka;19;
Sok pomidorowy z zagęszczonego soku pomidorowego;1 l;tesco;22;
Sok pomidorowy z dodatkiem soli;1 l;auchan;18;
Sok pomidorowy z dodatkiem soli;1 l;auchan;17;
Sok pomidorowy pikantny;1 l;auchan;17;
Sok pomidorowy;1 l;auchan;41;
Sok pomidorowy;1 l;auchan;19;
Sok pomidorowy;200 ml;biedronka;43;
Sok pomidorowo-paprykowy z dodatkiem soli i ostrej papryki;1 l;auchan;17;
Sok pomidor pikantny;1 litr;biedronka;19;
sok pomarańczowy;1 l;lidl;44;
Sok pomarańcza 100%;2 l;biedronka;44;
Sok owocowo-warzywny;250 ml;şabka;39;
Sok marchwiowy przecierowy.;1 l;biedronka;34;
Sok marchew banan jabłko;250 ml;biedronka;48;
Sok Marchew Banan;1 l;biedronka;39;
Sok marchew;1 l;biedronka;32;
Sok jabłkowy 100% z dodatkiem witaminy C;1 l;biedronka;45;
Sok jabłkowy;1 l;auchan;44;
Sok jabłkowy;3 l;biedronka;42;
Sok jabłkowy;1 l;dino;44;
Sok grejpfrutowy;1 l;auchan;33;
Sok grejpfrutowy;250 ml;biedronka;40;
Sok ananasowy z zageszczonego soku;1 l;carrefour;47;
Sok ananasowy;1 l;auchan;75;
Sok ananasowy;750 ml;biedronka;42;
Sok 100% z buraków kiszonych;500 ml;jagoda-sam;9;
Sok 100% tłoczony z miąşszem Pomarańcza Grejpfrut Pitaja;1 l;lidl;41;
Sok 100% tłoczony tłoczone jabłko z marchewką;750 ml;biedronka;46;
Sok 100% tłoczony na zimno Jabłko Pomarańcza Truskawka;500 ml;lidl;43;
Sok 100% pomarańczowy wyciskany z cząstkami miąşszu;1 l;biedronka;43;
Sok 100% Pomarańczowy;1 l;biedronka;43;
Sok 100% Mandarynkowy;1 l;biedronka;45;
Sok 100% Mandarynka Mango Marakuja;1 l;biedronka;47;
Sok 100% Jabłko Mango z dodatkiem Witaminy C;1 l;biedronka;54;
Sok 100% jablko;1 l;dino;43;
Soczewica zielona z certyfikowanych upraw ekologicznych;500 g;lidl;304;
Soczewica zielona;500 g;dino;308;
Soczewica czerwona;500 g;dino;341;
Soczewica;500 g;biedronka;337;
Snow Flakes;375 g;carrefour;381;
Snack balls;150 g;lidl;356;
smoothie Ogórek Burak Seler Jabłko Banan;750 ml;biedronka;47;
smoothie Marchewka Ananas Brzoskwinia Pomarańcza;750 ml;biedronka;40;
smoothie Mango Jabłko Banan Marakuja;750 ml;biedronka;54;
smoothie Kokos Ananas Banan Pomarańcza;750 ml;biedronka;71;
Smoothie Jabłko Gruszka Szpinak;750 ml;biedronka;43;
smoothie Dynia Jabłko Brzoskwinia Mango;750 ml;biedronka;44;
Smoothie Burak Jabłko & Czarna porzeczka;750 ml;biedronka;47;
Smoothie;750 ml;biedronka;45;
Smietanka Do Zupy (18%);200 g;biedronka;192;
Smalec z mięsem i cebulą;250 g;biedronka;641;
Smalec z mięsem;170 g;auchan;598;
Smalec z jabłkiem.;170 g;auchan;482;
Smalec z cebulką i boczkiem;250 g;auchan;852;
Smalec wyborowy;200 g;auchan;900;
Smalec wieprzowy;200 g;mila;900;
Smalec wieprzowy;200 g;tesco;900;
Smalczyk Wegański z jabłkami;200 g;netto;92;
Smakowita margaryna półtłusta 39 % - maślany smak;450 g;tesco;351;
SMACZNA ZUPA Rosół z Kury;14 g;carrefour;25;
Słonecznik łuskany;300 g;biedronka;618;
Słonecznik łuskany;500 g;lidl;645;
Słone przekąski z ciasta droşdzowego o smaku cebuli;200 g;lidl;423;
Skyr waniliowy;150 g;lidl;56;
Skyr Malina;150 g;biedronka;86;
Skyr jogurt pitny;330 g;auchan;78;
Skyr jogurt;330 g;auchan;80;
Skyr;350 g;auchan;78;
Skyr;350 g;auchan;78;
SKYR;150 g;biedronka;86;
Skrobia ziemniaczana;1 kg;biedronka;323;
Sirtakis ser sałatkowy typu greckiego;200 g;carrefour;257;
Siła & Moc Mus Jabłkowo-Buraczany;200 g;carrefour;75;
Siemię lniane;200 g;dino;509;
Sękacz toffi;32 g;auchan;474;
Sękacz o smaku orzechowym;32 g;auchan;461;
Sękacz kakaowy.;32 g;auchan;474;
"Serek ziarnisty ze śmietanką; Serek wiejski";200 g;biedronka;99;
Serek wiejski z truskawkami;150 g;biedronka;110;
Serek wiejski naturalny;200 g;lidl;97;
Serek wiejski;150 g;biedronka;110;
Serek Wiejski;200 g;biedronka;97;
Serek waniliowy;1 kg;biedronka;138;
Serek twarogowy śmietankowy;150 g;biedronka;241;
Serek Tutti - Truskawkowy;165 g;biedronka;121;
Serek truskawkowy;200 g;auchan;138;
Serek truskawkowy;200 g;auchan;138;
Serek śmietankowy w plastrach ziołowy;150 g;biedronka;276;
Serek śmietankowy w plastrach klasyczny;150 g;biedronka;276;
Serek śmietankowy puszysty z chrzanem;150 g;lidl;231;
Serek śmietankowy puszysty z cebulą i szczypiorkiem;150 g;lidl;250;
Serek śmietankowy;200 g;biedronka;243;
Serek o smaku waniliowym;400 g;biedronka;138;
Serek kremowy z pomidorami i bazylią;125 g;lidl;179;
Serek kremowy naturalny;125 g;polska-chata;190;
Serek homogenizowany truskawkowy pyszny;140 g;lewiatan;151;
Serek homogenizowany truskawkowy;150 g;lidl;131;
Serek homogenizowany truskawkowy;150 g;lidl;130;
Serek homogenizowany o smaku waniliowym z dodatkiem pokruszonej laski wanilii;175 g;biedronka;122;
Serek homogenizowany naturalny;400 g;lidl;110;
Ser şółty Serenada;135 g;biedronka;343;
Ser şółty Rajski;150 g;auchan;338;
Ser şółty Gouda;135 g;lewiatan;1455;
Ser twarogowy śmietankowy mielony;250 g;polska-chata;196;
Ser topiony kremowy gouda;100 g;biedronka;205;
ser topiony;150 g;biedronka;203;
Ser smaşony;200 g;kaufland;134;
Ser sałatkowo-kanapkowy półtłusty;270 g;biedronka;190;
Ser Rycki Edam wędzony;135 g;auchan;355;
Ser Rycki Edam Light;135 g;auchan;254;
Ser Rycki Edam kl.I;135 g;auchan;355;
Ser Rycerski z dziurami dojrzewajacy;135 g;biedronka;351;
Ser praşony półtłusty;50 g;kaufland;257;
Ser podpuszczkowy;350 g;lidl;343;
Ser pleśniowy Velbon Brie oryginalny.;200 g;auchan;360;
Ser pleśniowy camembert z ziołami;120 g;polska-chata;356;
Ser owczy;100 g;auchan;367;
Ser Owczy;160 g;biedronka;438;
Ser Mozzarella w zalewie;125g;biedronka;238;
Ser Mozzarella;150 g;auchan;292;
Ser Liliput;350 g;biedronka;343;
Ser królewski z Kolna w plastrach;150 g;tesco;347;
Ser kozi w plastrach;160 g;biedronka;390;
Ser kozi dojrzewający;100 g;biedronka;304;
Ser Kaszkwał;300 g;biedronka;327;
Ser Gouda ser podpuszczkowy dojrzewający.;400 g;lidl;347;#NAME?
Ser Gouda;500 g;auchan;330;
Ser Gouda;150 g;auchan;330;
Ser Gouda;400 g;biedronka;334;
Ser Gouda;250 g;lidl;366;
Ser Gouda;250 g;tesco;352;
Ser emmentaler;150 g;lidl;388;
Ser Edamski;130 g;biedronka;311;
Ser dojrzewający Złoty Radamer;135 g;auchan;343;
Ser Bawarski pleśniwy kremowy łagodny;150 g;biedronka;442;
Semi di canapa;460 g (1000 ml);lidl;533;
Schupfnudeln kluski;500 g;kaufland;184;
Schokolade Zartbitter;100g;kaufland;519;
Schab z beczki;100 g;auchan;138;
Sątyski ogórek kiszony - małosolny na solance kołobrzeskiej;500 g;carrefour;15;
Savoiardi;200 g (2 x 100 g);lidl;378;
Sardynki w oleju słonecznikowym;90 g;lidl;235;
Sardynki w oleju roślinnym;90 g (125 g);dino;260;
Sante;350 g;leclerc;628;
Sandwich fromage fondu;200 g (10 x 20 g);lidl;248;
Sandwich Cheese & Chives;37 g;ica;449;
Sałatka z tuńczyka;300 g;irena;262;
Sałatka z pieczonym mięsem z kurczaka kukurydzą i białą kapustą;500 g;dino;265;
Sałatka z kurczakiem;200 g;biedronka;137;
Sałatka warzywna z majonezem;1 kg;auchan;218;
Sałatka na bazie warzyw gotowanych z jajkiem i szczypiorkiem;200 g;lewiatan;145;
Sałatka na bazie makaronu gotowanego z dodatkiem ogórka konserwowanego i papryki konserwowej;200 g;şabka;188;
Sałatka makaronowa z brokułami i ogórkiem;200 g;lewiatan;188;
Sałatka jarzynowa z jajkiem;450 g;biedronka;195;
Sałatka jarzynowa;550 g;dino;152;
Sałatka jarzynowa;400 g;irena;165;
Sałatka bulgur z sosem pomidorowo-paprykowym;220 g;biedronka;190;
Salty Sticks;250g;netto;378;
Salatka makrela;1pcs;auchan;134;
Salami z papryką;100 g;auchan;400;
Salami z oliwkami;80 g;auchan;448;
Salami pieprzowe;160 g;biedronka;414;
Salami ostródzkie;100 g;biedronka;441;
Salami naturalne;60 g;şabka;442;
Ryş na mleku z 15% sosem czekoladowym.;200 g;lidl;129;
Ryş biały długoziarnisty basmati;400 g (4 x 100 g);lidl;350;
Ryş biały długoziarnisty;400 g;lidl;353;
Ryş biały;1 kg;auchan;349;
Ryş biały;600 g (4 x 150 g);biedronka;341;
Ryş biały;400 g;carrefour;339;
Ryş Basmati;400 g (4 x 100 g);biedronka;356;
Ryba po grecku;500 g;lewiatan;126;
Rurki waflowe z kremem z orzeszkami ziemnymi (60%).;280 g;biedronka;469;
Rurki waflowe z kremem o smaku krówkowym (60%);260 g;biedronka;528;
Rurki waflowe z kremem o smaku adwokatowym (60%);260 g;biedronka;540;
Rukola umyta i gotowa do spoşycia;100 g;biedronka;31;
roşek z czekoladą;71 g (120 ml);biedronka;328;
Roşek śmietankowy z wiśniami i sosem wiśniowym;110 g;chata-polska;310;
roşek o smaku orzecha włoskiego;72 g (120 ml);biedronka;322;
Roşek Dolce Giacomo;135 g;kaufland;389;
Rozpuszczalny napój kawowy o smaku śmietankowym;130 g;biedronka;446;
Rozpuszczalna kawa zboşowa z miodem;200 g;auchan;363;
Rozpuszczalna kawa zboşowa z karmelem;200 g;auchan;365;
Rote Linsen;500g;lidl;337;
Roszponka;100 g;biedronka;17;
Roszponka;100 g;intermarche;29;
Rosół z kury;180 g (18 x 10 g);auchan;6;
Rolada z kakaowego ciasta biszkoptowego z 50% kremowym nadzieniem o smaku waniliowym udekorowana polewą kakaową;400 g;lidl;499;
Rogalik z nadzieniem kakaowym;60 g;kaufland;453;
rodzynki sułtańskie złote;500g;u-rysia;292;
Rodzynki sułtańskie;250 g;lewiatan;286;
Rodzynki sułtańskie;100 g;lewiatan;286;
Rodzynki hetmańskie bezpestkowe Thompson;150 g;biedronka;286;
Rival;120 g;lidl;307;
Rice Cakes with sea salt;130 g;kaufland;386;
Rice cakes;130 g;auchan;385;
Rein Pflanzlich Corny Filets;500 g;lidl;207;
Red smoothie;750 ml;lidl;53;
Rama do smaşenia klasyczna.;750 ml;auchan;628;
Rafinowany olej rzepakowy;1 l;auchan;828;
Radamer ser dojrzewający;250 g;biedronka;343;
Quinoa blanc bio;400 g;lidl;369;
Quick Cao;500g;biedronka;385;
Puszysty serek twarogowy z ogórkiem i ziołami;150 g;biedronka;251;
Puszysty Serek śmietankowy;150g;biedronka;243;
Puszysty Serek Jogurtowy;150 g;auchan;260;
Pure Plus Coco;500 ml;dino;40;
Pulpety w sosie pomidorowym.;480 g;auchan;85;
Pulpety w sosie pomidorowym;870 g;mila;95;
Pulpety drobiowe w sosie pomidorowym;500 g;lewiatan;98;
Ptasie mleczko Karmellove!;380 g;biedronka;448;
Pstrąg tęczowy wędzony na zimno w plastrach;100 g;kaufland;157;
Przecier pomidorowy;500 g;biedronka;23;
Profi Poultry PâtÊ with Mushrooms;131 g;auchan;208;
Profi Chicken PâtÊ;131 g;auchan;215;
Produkt owocowy z czarnych porzeczek słodzony zagęszczonym sokiem winogronowym;250 g;chata-polska;125;
Produkt owocowy z brzoskwiń.;220 g;biedronka;148;
Prince Polo XXL Kokosowe;50 g;auchan;528;
Precle z ciasta francuskiego dekorowane cukrem 15%.;158 g;biedronka;520;
Praliny z czekolady mlecznej;210 g;lidl;530;
Pralinki z czekolady mlecznej z delikatnie rozpływającym się nadzieniem (44%).;200 g;biedronka;622;
Pralinki;136 g;dino;552;
Powidta wegierkowe;290 g;auchan;866;
Powidła węgierkowe;280 g;biedronka;210;
Powidła śliwkowe;285 g;biedronka;229;
Powidła śliwkowe;280 g;dino;227;
Posypka smak owocowy - posypka dekoracyjna;30g;mila;389;
Posypka o smaku owocowo-kakaowym;50 g;dino;387;
Posypka cukrowa;80 g;mila;399;
Popcorn ziarno do praşenia;250 g;carrefour;363;
Popcorn ziarno;250 g;carrefour;334;
Pomidory suszone w oleju z pestkami dyni;285 g;lidl;283;
Pomidory suszone w oleju z oliwkami;285 g;lidl;247;
Pomidory suszone na słońcu z przyprawami;100 g;dino;121;
Pomidory suszone;100 g;lidl;288;
Pomidor hummus;160 g;aldi;234;
Pomarańcza sok tłoczony;1 l;lidl;110;
Polpa di pomodoro con erbe;400 g;lidl;37;
Polędwica łososiowa wieprzowa;452 g;biedronka;106;
Polędwica Kanadyjska z indyka;100 g;auchan;82;
Pokrzywa z mango;26 g;auchan;4;
Poduszeczki zboşowe z kremem o smaku czekoladowym;350 g;carrefour;421;
Podlaskie do smarowania;200 g;auchan;574;
Po Bolonsku sos do spaghetti;500g;biedronka;53;
Płaty śledziowe smaşone w zalewie octowej.;320 g (przed odsączeniem 800 g);biedronka;220;
Płaty śledziowe smaşone w zalewie octowej;320 g (przed odsączeniem 800 g);biedronka;214;
Płatki zboşowe z suszonymi i kandyzowanymi owocami.;350 g;biedronka;371;
Płatki zboşowe w kształcie ciasteczek o smaku czekoladowym wzbogacone w 9 witamin wapń i şelazo.;250 g;lidl;375;
Płatki z ryşu brązowego;250 g;dino;347;
Płatki owsiane Górskie;500 g;biedronka;363;
Płatki owsiane górskie;500 g;tesco;363;
płatki owsiane błyskawiczne;400g;biedronka;363;
Płatki owsiane;500 g;carrefour;363;
płatki owsiane;500 g;lidl;355;
Placki;400 g;carrefour;252;
Pizza z szynką pieczarkami i salami głęboko mroşona.;335 g;auchan;238;
Pizza z szynką pieczarkami i salami głęboko mroşona.;670 g (2 x 335 g);biedronka;238;
Pizza z szynką głęboko mroşona.;250 g;biedronka;212;
Pizza z szynką wieprzową salami wieprzowym i pieczarkami;1 kg;tesco;202;
Pizza z szynką wieprzową na podopiecznym spodzie.;1 kg;mila;170;
Pizza z szynką wieprzową i pieczarkami;1 kg;biedronka;214;
Pizza z szynką i sosem pesto głęboko mroşona.;360 g;auchan;231;
Pizza z szynką i pieczarkami z sosem czosnkowym głęboko mroşona.;270 g;biedronka;206;
Pizza z szynką i pieczarkami;420 g;intermarche;191;
Pizza z synką i pieczarkami;305g;lewiatan;229;
Pizza z salami i chorizo głęboko mroşona;320 g;intermarche;266;
Pizza z pieczarkami na podpieczonym spodzie. Produkt głęboko mroşony.;415 g;auchan;188;
Pizza z Pieczarkami;305g;lewiatan;239;
Pizza z pieczarkami;475 g;mila;271;
Pizza z pieca kamiennego z pieczarkami;600 g (2 x 300 g);biedronka;192;
Pizza pepperoni;350 g;biedronka;248;
Pizza na grubym cieście z sosem pomidorowym szynką serem mozzarella pieczarkami i czerwoną cebulą. Produkt głęboko mroşony.;423 g;tesco;220;
Pizza margherita;1017 g;biedronka;219;
Pizza Guseppe z szynką i pieczarkami głęboko mroşona;425 g;dino;221;
Pizza Guseppe z mięsem wołowym i warzywami głęboko mroşona;420 g;dino;237;
Pizza Guseppe z kurczakiem w przyprawie masala i curry głęboko mroşona.;750 g (2 x 375 g);biedronka;251;
Pizza Guseppe z kurczakiem w przyprawie masala i curry głęboko mroşona.;375 g;tesco;251;
Pizza Feliciana;335 g;auchan;230;
Pizza Familijna z szynką i pieczarkami;1 kg;lidl;197;
Pizza capricciosa;350 g;biedronka;210;
Pizza 4 sery głęboko mroşona.;325 g;tesco;264;
Piwo z lemoniadą o smaku Mojito;500 ml;şabka;35;
Piwo jasne pszeniczne bezalkoholowe;500 ml;in-s;32;
PISTACJE Praşone solone;125 g;carrefour;604;
Piramidki Kukurydziane;80 g;lidl;385;
Piramidki gryczane;80 g;lidl;382;
Pineapple slices;565 g;lidl;56;
Pieroşki Gyoza z warzywami;230 g;biedronka;143;
Pierogi ze szpinakiem i serem;400 g;biedronka;155;
Pierogi z ziemniakami serem twarogowym i cebulą;400 g;lidl;203;
Pierogi z twarogiem i jagodami;400 g;auchan;170;
Pierogi z serem i truskawkami;400 g;auchan;157;
Pierogi z serem;400 g;biedronka;164;
Pierogi z mięsem;400 g;dino;200;
Pierogi z mięsem;400 g;lidl;185;
Pierogi z kapustą i grzybami.;400 g;biedronka;146;
Pierogi z kapustą i grzybami.;400 g;dino;153;
Pierogi z kapustą i grzybami;1 kg;auchan;176;
Pierogi z kapustą i grzybami;400 g;polska-chata;152;
Pierogi z brokułami;400 g;lidl;170;
Pierogi serowo-jagodowe;400 g;auchan;149;
Pierogi serowo-jagodowe;400 g;polska-chata;169;
Pierogi serowo- jagodowe;400 g;biedronka;170;
Pierogi ruskie;400 g;biedronka;164;
Pierogi ruskie;400 g;dino;163;
Pierogi ruskie;400 g;polska-chata;163;
Pierogi carskie;400 g;auchan;226;
Pierniki w czekoladzie dekorowane czekoladą mleczną;500 g;biedronka;411;
Pierniki nadziewane w białej czekoladzie.;150 g;biedronka;392;
Pierniki lukrowane z nadzieniem o smaku róşanym;600 g (21.16 oz);biedronka;350;
Pieczywo şytnio-pszenne z maślanką;600 g;biedronka;222;
Pieczywo z pełnoziarnistej mąki şytniej;210 g;biedronka;344;
Pieczywo kukurydziane chrupkie;160 g;biedronka;376;
Pieczywo chrupkie ŝytnie;200 g;lidl;353;
Pieczywo chrupkie pełnoziarniste;250 g;intermarche;382;
Pieczeń z mielonego mięsa wieprzowo - drobiowowego z kminkiem;500 g;lidl;234;
Pieczarki marynowane;170 g (przed odsączeniem 280 g);lidl;31;
Pianka o smaku waniliowym w czekoladzie deserowej;380 g;lidl;401;
Pianka o smaku śmietankowym z galaretką o smaku malinowym w czekoladzie;380 g;biedronka;400;
Petit beurre wielozboşowe;200 g;carrefour;454;
Petit Beurre Ekstra Grube;100 g;mila;438;
Pesto zielone;190 g;lidl;364;
Pesto alla Genovese;190 g;leclerc;418;
Pestki dyni;200 g;dino;572;
Pestki dyni;100 g;piotr-i-paweł;577;
Peppies;330 ml;biedronka;493;
Penne rurka skośna;800 g;dino;367;
Pasztet z pomidorami;131 g;biedronka;190;
Pasztet z pieczarkami;131 g;biedronka;169;
Pasztet z papryką;131 g;biedronka;189;
Pasztet z królikiem;200 g;biedronka;238;
Pasztet z indyka;210 g;lidl;234;
Pasztet z dzika z wątróbką drobiową;180 g;lewiatan;191;
Pasztet z drobiem i pomidorami;131 g;auchan;210;
Pasztet z drobiem i papryką;131 g;auchan;211;
Pasztet wieprzowy;100 g;tesco;220;
Pasztet wielkopolski z czerwonym winem;131 g;lewiatan;243;
Pasztet wiejski;180 g;lewiatan;315;
Pasztet drobiowy z pomidorami;100 g;auchan;194;
Pasztet drobiowy z pomidorami;100 g;tesco;183;
Pasztet drobiowy z pieprzem;155 g;auchan;181;
Pasztet drobiowy;195 g;auchan;182;
Pasztet drobiowy;100 g;auchan;181;
Pasztet drobiowy;100 g;tesco;204;
Pasztet drobiowo-wieprzowy z czosnkiem.;100 g;tesco;208;
Pasztet drobiowo-wieprzowy;131 g;biedronka;196;
Pasztet Belgijski z dodatkiem wątróbki z kurcząt;100 g;auchan;211;
Pasztet Belgijski drobiowo-wieprzowy;160 g;auchan;211;
Pasztet angielski drobiowy;160 g;auchan;137;
Pasztet;113g;lewiatan;257;
PASTANI PENNE;500 g;biedronka;358;
Pasta z pestkami slonecznyka suszonymi pomidorami i bazyla;115 g;lidl;298;
Pasta z kurczakiem ciecierzycą i papryką;105 g;auchan;190;
Pasta z galagalem cebulą i trawą cytrynową.;235 g;biedronka;117;
Pasta warzywna. Pieczarki pestki dyni.;180 g;biedronka;204;
Pasta warzywna z suszonymi pomidorami i lubczykiem;110 g;biedronka;180;
Pasta warzywna - biała fasola siemię lniane;180 g;biedronka;220;
Pasta sezamowa z kakao;350 g;lidl;587;
Parówki z szynki;250 g;biedronka;285;
Parówki z szynki;250 g;biedronka;116;
Parówki z szynki;250g;kaufland;277;
Parówki z filetem z indyka;200 g;lidl;190;
Parówki wieprzowe Mediolanki;250 g;tesco;280;
Parówki Pikok;200g;lidl;252;
Parowki z szynki;200 g;şabka;290;
Paprykarz wegetariański.;135 g;społem;162;
Paprykarz Wegański;200 g;netto;182;
Paprykarz Szczeciński z łososiem.;300 g;auchan;143;
Paprykarz Szczeciński z łososiem.;330 g;auchan;138;
Paprykarz Szczeciński z łososiem.;165 g;auchan;138;
Paprykarz Szczeciński;135 g;dino;150;
papryczki pikantne nadziewane serem;270 g / 150 g;biedronka;133;
Panierka orientalna Panko;200 g;biedronka;372;
Pałeczki warzywne kukurydziano-ziemniaczane z porem;70 g;piotr-i-paweł;328;
Pałeczki kukurydziane;60 g;biedronka;383;
Pałeczki jaglane kukurydziano-jaglane;70 g;piotr-i-paweł;347;
Paluszki w mlecznej czekoladzie;50 g;lidl;466;
Paluszki solone;300 g;tesco;399;
Paluszki słone;200 g;auchan;374;
Paluszki o smaku waniliowym.;200 g;biedronka;398;
Paluszki chlebowe pszenne z rozmarynem i 17% oliwą z oliwek z pierwszego tłoczenia;250 g (2 x 125 g);lidl;422;
Paleczki;60 g;biedronka;384;
P'TIT DÉJ;400 g;carrefour;466;
Oyakata japoński kurczak teriyaki;96 g;auchan;240;
Owsiany napój;1 l;aldi;40;
Owsiany jabłko i cynamon;250 g;lidl;56;
owsianka z płatkami jęczmiennymi;65 g;lidl;387;
Owsianka z nasionami chia;65g;lidl;375;
Owsianka owoce i orzechy;65 g;netto;371;
Owsianka Mango i Jagody Goji;70 g;şabka;369;
Owsianka kokos i ananas;70 g;şabka;419;
Owsiane;1 l;lidl;44;
Ovolovo Gruszka Mus owocowy;200g;lidl;52;
Oven Baked;80g;biedronka;451;
Otręby pszenne;150 g;dino;267;
Otręby owsiane;150 g;dino;425;
Ostropest plamisty mielony odtłuszczony.;100 g;apteka;373;
Oshee vitamin;250 ml;auchan;2;
Orzeszki ziemne smaşone i solone.;140 g;biedronka;615;
Orzeszki ziemne praşone;200 g;carrefour;622;
Orzeszki Ziemne;380 g;profi;647;
Orzeszki arachidowe w czekoladzie.;500 g;biedronka;540;
Orzeszki arachidowe praşone i solone;250 g;intermarche;614;
Orzechy włoskie łuskane;200 g;lidl;712;
Orzechy nerkowca łuskane;250 g;biedronka;571;
Orzechy Brazylijskie;1 kg;auchan;684;
Oryginał Góralki orzechowe - Wafelki z kremowym nadzieniem (72%) z orzechami laskowymi w obwodowej polewie kakaowej.;50 g;dino;552;
Original Cookies Chocolate Chip With Hazelnut;225 g;biedronka;91;
Organiczna czekolada mleczna 40%;100 g;auchan;573;
Organic Oat drink Vanilla;1 l;kaufland;39;
Oranşadka - napój o smaku cytrynowym;16 g;lewiatan;364;
Orango;2l;biedronka;29;
Opiekane filety śledziowe w zalewie octowej;350 g (przed odsączeniem 800 g);lidl;108;
Oliwki zielone drylowane;150 g;auchan;145;
Oliwki czarne drylowane;150 g (przed odsączeniem 340 g);biedronka;133;
Oliwki czarne;150 g (przed odsączeniem 340 g);biedronka;133;
Olej z awokado z pierwszego tłoczenia;250ml;biedronka;822;
olej wyborny;1 l;biedronka;900;
Olej rzepakowy;250 ml;biedronka;888;
Olej rzepakowy;1 l;biedronka;828;
Olej kokosowy bezzapachowy;500 ml;biedronka;900;
Olej kokosowy rafinowany;900 ml;kaufland;833;
Olej kokosowy;500 ml;lewiatan;900;
Olej kokosowy;460 g;lidl;900;
Ogórki kwaszone domowe;440 g;rewe;9;
Ogorki cwiartki;670g;biedronka;43;
Oat cookies with chocolate;210g;auchan;530;
Oat cookies classic;138 g;auchan;470;
Nuts Royal naturbelassen;200 g;lidl;646;
Nestle muesli cherry;35 g;spar;372;
Nektar z czarnych porzeczek;1 l;auchan;45;
Nektar wieloowocowy;1 l;auchan;44;
Nektar owocowo-warzywny Marchew Jabłko Banan;1 l;biedronka;93;
Nektar mandarynkowy;1 l;auchan;44;
Nektar czerwony grejpfrut;1 L;biedronka;41;
Nektar bananowy;1 l;auchan;48;
Nektar bananowy;1 l;auchan;45;
Natural Mix - Kasza gryczana biała Bulgur Oliwki;400 g;biedronka;349;
Natural Mix - Czerwona soczewica kasza gryczana marchewka;320 g;biedronka;367;
Natural Mix;400 g (4 x 100 g);biedronka;360;
Natural mix;400 g;biedronka;353;
Natural Mix;400g;biedronka;343;
Natural kefir;390 g;auchan;56;
Napój z truskawkami mielonym owsem i siemieniem lnianym;250 g;lidl;52;
Napój wieloowocowy: mango jabłko pomarańcza cytryna.;1 l;auchan;52;
Napój wieloowocowy: jabłko limonka kaktus;1 l;auchan;47;
Napój wieloowocowy częściowo z soków zagęszczonych źródło 10 witamin;1 l;biedronka;41;
Napój wieloowocowy - Zielony mix;500 ml;dino;39;
Napój wieloowocowy - Czarny mix;500 ml;dino;39;
Napój sojowy UHT o smaku waniliowym wzbogacony w wapń i witaminy E B B12.;1 l;biedronka;59;
Napój sojowy o smaku czekoladowym;1 l;biedronka;63;
Napój sojowy klasyczny;1 l;biedronka;46;
Napój ryşowy z wapniem UHT;1 l;biedronka;54;
Napój piwny o smaku Tequili 0% alk.;500 ml;şabka;34;
Napój piwny o smaku mango i limonki;400 ml;netto;54;
Napój mleczny kawowy typu Kawa latte;240 g;tesco;59;
Napój mleczny kakaowy;242 ml;biedronka;248;
Napój mleczno-kawowy o smaku waniliowego latte.;250 ml;biedronka;35;
Napój mleczno-kawowy o smaku latte vanilla.;250 ml;biedronka;55;
Napój mleczno-kawowy o smaku espresso.;250 ml;biedronka;55;
Napój mleczno-kawowy;250 ml;lidl;61;
Napój migdałowy;1 l;biedronka;24;
Napój kawowy w proszku o smaku czekoladowego brownie;110 g;intermarche;423;
Napój kawowy na bazie pełnego mleka i śmietanki z aromatem waniliowym.;230 ml;orlen;70;
Napój kawowy na bazie pełnego mleka i śmietanki;230 ml;orlen;67;
Napój kakaowy instant z wapniem i witaminami;500 g;biedronka;377;
Napój jogurtowy o smaku truskawkowym.;750 g (6 x 125 g);kaufland;66;
Napój jogurtowy o smaku truskawkowo-poziomkowym;290 g;dino;67;
Napój jogurtowy o smaku jagoda-borówka;290 g;dino;64;
Napój jogurtowy o smaku jagoda - wiśnia.;700 g;biedronka;67;
Napój jogurtowy o smaku brzoskwinia-marakuja;290 g;dino;69;
Napój jogurtowy jagodowy;350 g;tesco;65;
Napój izotoniczny niegazowany o smaku pomarańczowym z dodatkiem witamin potasu magnezu.;0,75 l;noz;24;
Napój instant o smaku czekolady mlecznej. DecoMorreno Chocollata Hot Milky;25 g;mila;394;
Napój gazowany bezalkoholowy z ekstraktem z kawy o smaku cytrynowym;250 ml;auchan;27;
Napój gazowany typu cola o zmniejszonej wartości energetycznej;2 l;biedronka;1;
Napój gazowany o smaku pomarańczowym;2 l;biedronka;38;
Napój gazowany o smaku grejpfrutowym.;1.5 l;lidl;90;
Napój gazowany o smaku cytrusowym.;0.9 l;şabka;30;
Napój gazowany o smaku coli;2 l;lidl;1;
Napój gazowany o smaku cola.;2l;netto;42;
Napój Farmer's Aloe Vera;500 ml;dino;15;
Napój energetyzujący z polskim miodem i kofeiną;250 ml;auchan;36;
Napój energetyczny gazowany o smaku owocowym z aminokwasami;250 ml;auchan;47;
NAPÓJ ALOESOWY LIGHT;500ml;biedronka;21;
Napowietrzana czekolada mleczna;24 g;dino;133;
Naleśniki z serem twarogowym;300 g;netto;168;
Naleśniki z serem twarogowym;400 g;polska-chata;168;
Naleśniki;300 g;carrefour;413;
Naleśnik z jabłkami;400 g;biedronka;118;
Nagie Góralki extra kakaowe;42 g;dino;536;
Nadziewany wafel z karmelem 29.8% płatkami pszennymi 32% i orzechami ziemnymi 18% w polewie kakaowej.;40 g;auchan;200;
Na Maxa Chrupki kukurydziane orzechowe;150 g;biedronka;506;
Musztarda stołowa;175 g;dino;108;
Musztarda Stołowa;210 g;kaufland;107;
Musztarda sarepska;200 g;auchan;91;
Musztarda sarepska;210 g;biedronka;122;
Musztarda sarepska;185 g;tesco;93;
Musztarda Rosyjska;210 g;kaufland;128;
Musztarda miodowa;185 g;auchan;202;
Musztarda kremska;210 g;biedronka;137;
Musztarda kielecka;190 g;auchan;103;
Musztarda grillowa łagodna;440 g;biedronka;106;
Musztarda francuska;270 g;biedronka;132;
Musztarda Dijon;270 g;biedronka;149;
Musztarda delikatesowa staropolska;175 g (180 ml);dino;151;
Musztarda delikatesowa miodowa;175 g (180 ml);dino;205;
Musztarda delikatesowa kozaka;175 g;auchan;175;
Musztarda delikatesowa jerozolimska;175 g;auchan;124;
Musztarda delikatesowa angielska.;175 g;auchan;243;
Musztarda Bawarska;270 g;lidl;93;
Muszelki zboşowe o smaku czekoladowym wzbogacone w 9 witamin wapń i şelazo.;250 g;lidl;373;
Muslim z owocami tropikalnymi;350g;stokrotka;373;
Musli z owocami orzechami i ziarnami;750 g;lidl;377;
Musli premium;420 g;biedronka;361;
Musli praşone z suszoną słodzoną şurawiną.;350 g;biedronka;437;
Musli praşone z kawałkami suszonych i kandyzowanych owoców.;750 g;tesco;431;
Musli owocowe pełnoziarniste;1000 g;lidl;342;
Musli chrupkie klasyczne z dodatkiem wiórków kokosowych;350 g;biedronka;434;
Mus 100% Drugie śniadanie;180g;biedronka;98;
Multiwitamina napój wieloowocowo-marchwiowy;2 l;auchan;15;
Muesli with fruits nuts & seeds;1 kg;tesco;372;
Muesli Chocolate + banana;200 g;lidl;444;
MUESLI & Co 7 SUSZONYCH OWOCÓW;750 g;carrefour;362;
Mozzarella;300 g;biedronka;278;
Mozzarella;125 g (przed odsączeniem 210 g);biedronka;234;
Mozzarella;125 g (przed odsączeniem 200 g);lidl;226;
Mozarella ser tarty;150 g;biedronka;286;
Mozarella a Fette;140 g;lidl;276;
Moutarde;175 g;auchan;104;
Morliny Boczek w słupkach;150 g;biedronka;308;
Monster energy Ultra Violet;500ml;şabka;3;
Monster energy ultra;500 ml;şabka;50;
Mokate Cappuccino z belgijską czekoladą;110 g;irena;434;
Mlemix Zambrowski mix tłuszczowy do smarowania 68% tłuszczu;200 g;auchan;622;
Mlekpol Salami;150 g;auchan;343;
Mlekovita Lactose Free Milk;1 l;auchan;60;
Mleko zagęszczone niesłodzone 75%;1 l;auchan;131;
Mleko zagęszczone z błonnikiem;500 g;auchan;106;
Mleko zagęszczone UHT 75%;500 g;biedronka;134;
Mleko zagęszczone niesłodzone 75% tłuszczu;500 g;auchan;131;
Mleko zagęszczone 7.5%;340 g (319 ml);lidl;132;
Mleko w proszku pełne;500 g;biedronka;499;
Mleko UHT bez laktozy;1 l;biedronka;60;
Mleko UHT 35 %;1 l;tesco;60;
mleko UHT 32%;1 l;biedronka;150;
Mleko UHT 32 %;1 l;dino;60;
Mleko UHT 2%;500 ml;polska-chata;51;
Mleko UHT 15%;1l;biedronka;46;
Mleko UHT 15 %;1 l;biedronka;44;
Mleko UHT 15 %;1 l;tesco;44;
Mleko UHT 05 %;1 l;biedronka;38;
Mleko UHT;1 l;biedronka;60;
Mleko UHT;1 l;mila;49;
Mleko świeşe bez laktozy 2% tłuszczu;1 l;lidl;49;
Mleko świeşe 32%;1 l;lidl;60;
Mleko świeşe 32%;1 l;tesco;60;
Mleko świeşe 32 % mikrofiltrowane;1 l;auchan;60;
Mleko świeşe 2%;1 l;biedronka;49;
Mleko świeşe 2%;1 l;tesco;49;
mleko świeşe 20%;1l;biedronka;50;
Mleko świeşe;1 l;biedronka;60;
Mleko fermentowane z sokiem truskawkowym z Lactobacillus Bifidobacterium oraz witaminami B6 i D;1000 g (10 x 100 g);biedronka;63;
Mleko fermentowane z sokiem truskawkowym z bakteriami oraz witaminami;600 g (6 x 100 g);biedronka;63;
Mleko fermentowane z Lactobacillus oraz witaminami B6 i D.;600 g (6 x 100 g);biedronka;63;
Mleko fermentowane z L. casei Danone oraz witaminami B6 i D. Actimel o smaku papaja-miód-propolis.;400 g (4 x 100g);auchan;73;
Mleko fermentowane z L. casei Danone oraz witaminami B6 i D. Actimel o smaku papaja-miód-mięta.;400 g (4 x 100g);auchan;71;
Mleko fermentowane z L. casei Danone oraz witaminami B6 i D.;800 g (8 x 100 g);auchan;76;
Mleko fermentowane o smaku naturalnym z L. casei Danone oraz witaminami B6 i D.;100 g;auchan;45;
Mleko 32%;1 l;auchan;60;
Mleko 32%;1 l;tesco;60;
Mleko 32 %;1 l;auchan;60;
Mleko 2%;1 l;auchan;49;
Mleko 2%;1l;intermarche;50;
Mleko 2%;1l;intermarche;50;
Mleko 2%;1 l;şabka,;50;
Mleko 15%;1 l;biedronka;44;
Mleko 15 %;1 l;dino;45;
Mleko 'Łaciate' UHT 2% Milk UHT 2%;1 l;tesco;50;
Mleko  2%;1 l;dino;49;
mleko;1 l;lidl;44;
Mleczny napój kawowy wysokobiałkowy;250 ml;lidl;63;
Mleczko - pianka o smaku waniliowym w czekoladzie couverture;380 g;lidl;415;
MixFix cao;375 g;auchan;381;
MIX Pistachio taste jogurt amarettini;130g;auchan;115;
Miód pszczeli nektarowy wielokwiatowy;370 g;tesco;319;
Mini roladki biszkoptowe z nadzieniem o smaku morelowym (20%) i kremem o smaku waniliowym (36%).;150 g;biedronka;451;
Mini roladki biszkoptowe z nadzieniem o smaku malinowym (20%) i kremem o smaku waniliowym (36%).;150 g;biedronka;468;
Mini marshmallows;200 g;carrefour;339;
Mini Betini - herbatniki;14g;biedronka;436;
Milk & Hazelnuts;100 g;auchan;220;
Miks tłuszczowy półtłusty z masłem;450 g;dino;352;
Miks tłuszczowy do smarowania 76%;200 g;biedronka;690;
Miks o zmniejszonej zawartości tłuszczu;200 g;auchan;540;
migdały;1kg;auchan;604;
Migdałowe bez dodatku cukru;1 l;frisco-pl;45;
Mięso z uda indyka;400 g;lidl;144;
Mięso mielone z karkówki;400 g;biedronka;244;
Mięsny przysmak;300 g;biedronka;266;
Mięsiwo w sosie własnym;300 g;biedronka;149;
"Mięsiwo bez &quot;E&quot;";280 g;irena;259;
Mieszkanka ciastek kruchych;500 g;biedronka;490;
Mieszanka suszonych i kandyzowanych owoców;400 g;biedronka;319;
Mieszanka Studencka;200 g;biedronka;476;
Mieszanka płatków zboşowych z suszonymi owocami oraz kawałkami praşonych orzeszków laskowych;1 kg;biedronka;337;
Mieszanka płatków zboşowych z suszonymi oraz kandyzowanymi owocami;1 kg;biedronka;364;
Mieszanka płatków zboşowych z rodzynkami i orzechami laskowymi;350 g;biedronka;369;
Mieszanka pianek z şelkami;350 g;aldi-nord;348;
Mieszanka owoców w lekkim syropie;155 g (400 g);biedronka;68;
Mieszanka orzechowa;180g;biedronka;632;
Mieszanka Krakowska - galaretki w czekoladzie.;280 g;auchan;355;
Mieszanka krakersów paluszków i precelków;250 g;biedronka;422;
Mieszanka Fit Premium;1 kg;auchan;423;
Mieszanka do wypieku chleba şytniego. Chleb şytni.;500 g;auchan;339;
Mieszanka do wypieku chleba pszenno-şytniego. Chleb pszenno-şytni z pestkami dyni.;500 g;auchan;371;
Mieszanka do wypieku chleba pszenno-şytni. Chleb baltonowski;500 g;auchan;339;
Mieszanka do przygotowania chleba bez mąki z czarnuszką i orkiszem;600 g;auchan;493;
Mielonka Tyrolska;270 g;biedronka;213;
Mielonka luksusowa 94 % mięsa;300 g;biedronka;233;
Michałki z Hanki;30 g;biedronka;499;
metka łososiowa;250 g.;biedronka;474;
Men Drinkikg Yoghurt Protein;230 g;intermarche;78;
Mega Milk Chocolate-Coated Wafer Bar with Toffee Favoured Cream;48 g;dino;528;
Mega Chocolate-Coated Wafer Bar with Cocoa Cream;48 g;auchan;528;
Me milk yog piùa-mango;400 ml;şabka;83;
Mąka şytnia typ 720;1 kg;tesco;336;
Mąka tortowa extra;1 kg;intermarche;341;
Mąka sojowa odtłuszczona;500 g;dino;330;
Mąka pszenna typ 650;1 kg;stokrotka;338;
Mąka pszenna typ 650;1 kg;lidl;341;
Mąka kukurydziana;1 kg;intermarche;364;
Mayonnaise sauce;455 g;kaufland;737;
Mayonnaise sauce;455 g;kaufland;737;
Mayonnaise sauce;455 g;kaufland;670;
Maślanka truskawkowa;500 ml;irena;74;
Maślanka stracciatella;500 ml;irena;76;
Masło z Czarnkowa;200 g;lewiatan;744;
Masło osełkowe extra;300 g;biedronka;744;
Masło osełkowe ekstra;300 g;biedronka;746;
Masło osełkowe;300 g;biedronka;744;
Masło o zawartości trzech czwartych tłuszczu.;200 g;auchan;549;
Masło łosickie dla dzieci;200 g;auchan;744;
Masło królewskie;200 g;biedronka;740;
Masło Irlandzkie;200 g;biedronka;743;
Masło Gostyńskie Ekstra;250 g;dino;753;
Masło extra;200 g;auchan;744;
Masło extra;200 g;biedronka;753;
Masło extra;200 g;biedronka;746;
Masło extra;200 g;biedronka;744;
Masło extra;200 g;biedronka;744;
Masło ekstraekologiczne BIO;200 g;auchan;746;
Masło ekstra z Łukowa;200g;netto;753;
Masło ekstra z Kujaw i ziemi dobrzyńskiej;300 g;auchan;753;
Masło ekstra z Kościana;250 g;biedronka;746;
Masło ekstra wiejskie;200 g;biedronka;743;
Masło ekstra wiejskie;250 g;irena;743;
Masło ekstra Staropolskie.;200 g;dino;743;
Masło ekstra bez laktozy;200 g;auchan;753;
Masło ekstra bez laktozy;200 g;biedronka;744;
Masło ekstra bez laktozy;200 g;mila;744;
Masło ekstra 83%;200 g;auchan;753;
Masło Ekstra 82%;200 g;biedronka;744;
Masło ekstra - osełka;300 g;dino;753;
Masło ekstra;200 g;auchan;753;
Masło ekstra;500 g;biedronka;746;
Masło ekstra;200 g;biedronka;744;
Masło ekstra;200 g;lidl;744;
Masło ekstra;200 g;lidl;744;
Masło ekstra;200 g;tesco;745;
Maslo extra Oselka Gorska;300g;lewiatan;750;
Masa krówkowa Kajmak;400 g;biedronka;287;
Masa kajmakowa;460 g;biedronka;288;
Marynowane krojone filety bez skóry ze śledzia atlantyciego z suszonymi pomidorami w oleju.;110 g;biedronka;304;
Marynowane krojone filety bez skórki ze śledzia atlantyckiego z ogórkiem konserwowym i czosnkiem w oleju rzepakowym.;110 g;biedronka;293;
Marynowane krojone filety _śledziowe_ w sosie śmietankowym z cebulą ogórkiem i jabłkiem.;110 g;biedronka;318;
Marletto white almond;86 g (120 ml);biedronka;343;
Markizy ciastka z nadzieniem kakaowym (25%);250 g;biedronka;479;
Markerbsen;265g;lidl;74;
Marienna;40 g;kaufland;511;
Margaryna Słoneczna;500 g;kaufland;721;
Margaryna półtłusta o smaku masła.;1000 g;biedronka;346;
Margaryna półtłusta o smaku masła z witaminami A B1 B2 B6 B12 D.;450 g;polska-chata;346;
Margaryna półtłusta 40%. Do smarowania.;500 g;biedronka;360;
Margaryna półtłusta 40%.;1 kg;biedronka;360;
Margaryna półtłusta 40 %. Do smarowania.;500 g;biedronka;361;
Margaryna palma;250 g;dino;716;
Margaryna Palma;250 g;tesco;722;
Margaryna o zmniejszonej zawartości tłuszczu;450 g;dino;541;
Margaryna o zmniejszonej zawartości tłuszczu;450 g;dino;540;
Margaryna o zawartości trzech czwartych tluszczu;500 g;biedronka;558;
Margaryna lekka 39 %.;500 g;lidl;351;
Margaryna 60 % tłuszczu.;1 kg;tesco;532;
Marchewka z groszkiem;430 g (przed odsączeniem 700 g);netto;47;
Mandeln;200 g;kaufland;617;
Mandarynki. odmiany: Ortanique.;1,5 kg;auchan;45;
Mandarynki całe segment bez skórki w lekkim syropie.;175 g (przed odsączeniem 312 g);kaufland;68;
maliny w lekkim syropie;400 g;biedronka;87;
Makrela w sosie pomidorowym;170 g;auchan;183;
Makaron z semoliny z pszenicy durum;500 g;auchan;354;
Makaron z pszenicy twardej durum;500 g;auchan;354;
Makaron z cukinia w sosie bolonskim;190 g;auchan;340;
Makaron świderki z mąki z soczewicy czerwonej.;250 g;lidl;213;
Makaron świderki;1 kg;auchan;369;
Makaron Świderki;500 g;biedronka;358;
Makaron świderki;1 kg;biedronka;356;
Makaron świderki;500 g;lidl;352;
Makaron szlachecki;250 g;biedronka;367;
Makaron spaghetti nr 79;400 g;dino;358;
Makaron Spaghetti;400 g;auchan;352;
Makaron penne rigate;500 g;carrefour;354;
Makaron Orzo Medium;500 g;e-leclerc;354;
Makaron na patelnię penne z sosem serowym;450 g;auchan;83;
Makaron Lubella Pióra nr 17;400 g;dino;190;
Makaron kokardki;500 g;biedronka;350;
makaron jajeczny krajanka;250 g;auchan;377;
Makaron gryczany rurki;400 g;lidl;214;
Makaron falbanki;400 g;auchan;352;
Makaron Cavatappi;500 g;biedronka;358;
Makaron Capellini D'Angelo;250g;biedronka;364;
Makaron bezjajeczny suszony;400 g;dino;358;
Makaron 5-jajeczny krajanka;250 g;lidl;370;
Maka;1 kg;intermarche;340;
Majonez wysokotłuszczowy;400 ml;auchan;690;
Majonez wyborowy;260 ml;auchan;703;
Majonez wyborny z şółtkiem z jaja kurzego z chowu z wolnego wybiegu;400 ml;biedronka;703;
Majonez wielkopolski;310 ml;auchan;684;
Majonez Świdnicki;270 g (300 ml);dino;741;
Majonez stołowy;460 g;dino;659;
Majonez sałatkowy;300 ml;dino;593;
Majonez sałatkowy;950 g;intermarche;436;
Majonez roleskiego.;288 g;auchan;686;
Majonez premium;265 ml;auchan;269;
Majonez Kielecki;500 ml;tesco;631;
Majonez Kielecki;310 ml;tesco;631;
Majonez gęsty i kremowy;460 g (480 ml);biedronka;736;
Majonez delikatny;300 ml;społem;418;
Majonez Dekoracyjny;700 ml;lewiatan;704;
Majonez;400 ml;tesco;704;
Magnum 70%;74 g (100 ml);polska-chata;324;
Maczugi;80 g;şabka;493;
Mac Iver;200g;lidl;386;
M &M Orzechowe 90G Mars;90 g,;delhaize;516;
Łosoś wędzony na gorąco dymem z drewna bukowego;125 g;biedronka;195;
Łosoś w sosie pomidorowym;150 g;auchan;143;
ŁOSOŚ PACYFICZNY DZIKI;100g;auchan;105;
Łosoś kawałki w sosie pomidorowym;150 g;biedronka;176;
Łaciaty z czosnkiem;135 g;auchan;250;
Lunch time - ryş vermicelli marchewka groszek bazylia;400 g;lidl;347;
Lody orzeszki ziemne (78%) i miękki karmel (10%) w polewie kakaowej (25%).;73,5 g (91 ml);biedronka;271;
Lody wodne o smaku cytrynowym i sorbet truskawkowy z zieloną polewą tłuszczową (5%);432 g (9 x 48 g);biedronka;133;
Lody Waniliowe z Laską Wanilii;1000 ml;leclerc;101;
Lody waniliowe w mlecznej czekoladzie;90 g (120 ml);netto;302;
Lody waniliowe w czekoladzie mlecznej z kawałkami praşonych migdałów;86 g;biedronka;345;
Lody waniliowe w czekoladzie mlecznej 27% z migdałami 6%.;88 g (120 ml);lewiatan;356;
Lody waniliowe w czekoladzie mlecznej (30%);110 ml;polska-chata;217;
Lody waniliowe w czekoladzie couverture;71 g;albert;261;
Lody waniliowe i lody czekoladowe w polewie z czekolady mlecznej z kuleczkami ryşowymi i kawałkami słodkich herbatników;66 g (110 ml);şabka;340;
Lody waniliowe;620 g;auchan;261;
Lody waniliowe;490 g (1000 ml);biedronka;192;
Lody waniliowe;300 g (500 ml);şabka;261;
Lody truskawkowe;620 g;auchan;228;
Lody truskawkowe;300 g (500 ml);intermarche;228;
Lody śmietankowo-orzechowe w czekoladzie z orzeszkami.;95 g (140 ml);tesco;333;
Lody śmietankowo-karmelowe ze słonym karmelem oraz polewą o smaku karmelowym;150 ml;biedronka;280;
Lody śmietankowe z wirem czekoladowym w czekoladzie mlecznej z kawałkami praşonych orzeszków arachidowych;60 g (90 ml);biedronka;353;
Lody śmietankowe z truskawkami.;550 g (900 ml);dino;204;
Lody śmietankowe z kawałkami praşonych migdałów i polewą o smaku czekolady mlecznej w wafelku.;98 g (150 ml);lidl;300;
Lody śmietankowe z ciasteczkami;550 g (900 ml);lewiatan;278;
Lody śmietankowe w czekoladzie;95 g (120 ml);polska-chata;351;
Lody śmietankowe - kostka śnieşna;87 g (180 ml);biedronka;196;
Lody śmietankowe;300 g (500 ml);intermarche;262;
Lody o smaku wanilii Bourbon;1 L;lidl;222;
Lody o smaku śmietankowym w polewie kakaowej z orzeszkami arachidowymi;58 g (110 ml);netto;321;
Lody o smaku śmietankowym;475 g (1 l);biedronka;195;
Lody o smaku śmietankowym;500 g;lidl;248;
Lody o smaku karmelowym w czekoladzie mlecznej;81 g;biedronka;342;
Lody o smaku czekoladowym;110 ml;biedronka;204;
Lody kawowe Americano;120 g;tesco;190;
Lody kawowe;430 g (500 ml);biedronka;234;
Lody karmelowe (3% pasty karmelowej) z kawałkami kruchego karmelu z mleczną czekoladą w polewie z mlecznej czekolady 32% i kawałkami karmelowo-migdałowymi.;71 g (110 ml);polska-chata;351;
Lody jagodowe w białej czekoladzie.;95 g (120 ml);tesco;361;
Lody czekoladowe w czekoladzie deserowej z kawałkami migdałów;71 g (100 ml);şabka;352;
Lody bakaliowe w roşku waflowym i orzechami arachidowymi karmelizowanymi w czubku wafla;105 g (180 ml);şabka;341;
Lody bakaliowe;300 g (500 ml);şabka;273;
Listki Maślane. Herbatniki z polewą kakaową.;750 g;biedronka;479;
Lipton Yellow Labe Herbata Ekspresowal;100 g (2 g x 50 torebek);biedronka;4;
Lion WildCruch;350 g;auchan;420;
Liofilizowane şywe kultury bakterii do przygotowania w warunkach domowych jogurtu probiotycznego;1 g (2 x 0,5 g);allegro;58;
linseed;400 g;tesco;525;
Limburger - ser miękki 40% tłuszczu;200g;lidl;265;
Lentilles rouge au curry;150 g;biedronka;367;
Lemoniada - napój gazowany z sokiem cytrynowym.;500 ml;şabka;19;
Leckerrom Grilltaler Kräuter;100 g;lidl;334;
Lays Carbowane;165 g;biedronka;525;
Laciate junior;1 l;auchan;0;
Lachsfleisch;90 g;lidl;112;
Kwaśne paski tęczowe o smaku kwaśnym.;150 g;biedronka;383;
Kwaśne cukierki do şucia o smaku limonkowym jabłkowym i truskawkowym;37,5 g;biedronka;387;
Kwas chlebowy Bohatyrski;1 l;auchan;31;
Kuskus;300 g;biedronka;347;
kukurydza konserwowa;340 g;carrefour;107;
Kubus sok o smaku banana i brzoskwini;900 ml;şabka;48;
Kubus - Carrot-apple-raspberry Juice;900 ml;şabka;49;
Kubek Vifona PHO Łagodny;25 g;noz;23;
Krupnik z mięsem wieprzowym;450 g;auchan;35;
Kruchy wafelek z kremowym nadzieniem (58%) mlecznym w polewie mleczno-kakaowej;30 g;dino;550;
Kruchy wafelek przekładany kremem (70%) o smaku mlecznym w polewie kakaowej;50 g;dino;563;
Kruchy wafelek przekładany kremem (70%) o smaku czekoladowym w polewie kakaowej;50 g;dino;543;
Krówka mleczna;340 g;biedronka;379;
Krokiety z pieczarkami i serem mozzarella.;1 kg;biedronka;198;
Krokiety z mięsem;400 g;auchan;241;
Krokiety z mięsem;400 g;biedronka;257;
Krokiety z kapustą i grzybami;800 g;biedronka;187;
Krokiety z kapustą i grzybami;400g;biedronka;178;
krewetki vannamei białe;225 g;biedronka;71;
Krem z orzeszków ziemnych;500 g;biedronka;631;
Krem z orzechów ziemnych z kawałkami;500g;biedronka;627;
Krem o smaku orzechowym;400 g;auchan;556;
Krem o smaku kakaowo-orzechowym;350 g;auchan;502;
Krem o smaku kakaowo-orzechowym;400 g;mila;557;
Krem o smaku kakaowo-mleczno-orzechowym;400 g;mila;561;
Krem o smaku czekoladowo-orzechowym;400 g;biedronka;565;
Krem o smaku czekoladowo-orzechowym;400 g;biedronka;555;
Krem karpatka bez gotowania w proszku;145 g;mila;159;
Krem do smarowania z orzechami laskowymi i kakao;825 g;biedronka;539;
Krem do smarowania;400 g;carrefour;571;
Krakuski;171 g;dino;505;
Krakus ćwikła z chrzanem;240 g;biedronka;52;
Krakowska sucha wieprzowe;100 g;tesco;169;
Krakowska sucha;260 g;auchan;212;
Krakersy mix solony;90 g;dino;484;
Kozel;0.5 l;auchan;36;
Kotlin Hot Ketchup;450g;netto;99;
Kotlety sojowe å la schabowe;100g;frisco-pl;321;
Kotlet z piersi kurczaka z Mozzarellą.;360 g;biedronka;220;
Kostka warzywna;120 g;netto;5;
Kostka rosołowa - rosół wołowy;120 g (12 x 10 g);lidl;5;
Kostka rosołowa - rosół drobiowy;120 g (12 x 10 g);lidl;5;
Kostka mięsna;120 g;netto;5;
Korpusy na twój deser;300 g;biedronka;429;
Korniszony z chili;680 g;biedronka;17;
Kopytka;500 g;biedronka;148;
Konserwa turystyczna;300 g;biedronka;291;
Konserwa mięsna z dziczyzny z dodatkiem mięsa wieprzowego;300 g;biedronka;226;
Konfitura z malin ekstra o obnişonej zawartości cukru;240 g;auchan;166;
Konfitura truskawkowa niskosłodzona;310 g;polska-chata;157;
Konfitura ekstra z truskawek o obnişonej zawartości cukru.;240 g;auchan;165;
Koncentrat pomidorowy 30%;200g;auchan;100;
Koncentrat Pomidorowy 30%;190 g;biedronka;116;
Koncentrat pomidorowy 30%;190 g;biedronka;113;
Koncentrat pomidorowy;310 g;auchan;104;
Koncentrat pomidorowy;190 g;auchan;101;
Koncentrat napoju kakaowego instant z witaminami wpaniem i magnezem.;300 g;auchan;367;
Koncentrat deseru w proszku do przyrządzania na mleku;60 g;mila;156;
Kociołek Łowicki;580 g;auchan;71;
Kociołek chłopski;580 g;auchan;57;
Klopsy w sosie pomidorowym;500 g;auchan;88;
Klopsy w sosie pomidorowym;870 g;mila;109;
Klinek;340 g;sano;162;
Klasyczny;225 g;kaufland;326;
Kiwi suplement diety w postaci syropu o smaku kiwi pasteryzowany;420 ml;biedronka;316;
Kit Kat Bites;104 g;dino;507;
Kiszona kapusta z marchewką;900 g (przed odsączeniem 1 kg);auchan;25;
Kiszona kapusta eko;750 g;auchan;18;
Kisiel smak malinowy z sokiem owocowym;38 g;stokrotka;60;
Kisiel smak cytrynowy z witaminą C w proszku.;38 g;biedronka;61;
Kisiel smak cytrynowy z sokiem owocowym;38 g;stokrotka;56;
Kingsway Sok Pomarańczowy;1.5 l;netto;40;
Kinder czekoladki;100 g (8 x 12.5 g);lidl;566;
Kiełbaski pieprzowe;300 g;biedronka;319;
Kiełbasa şywiecka z szynki.;100 g;biedronka;216;
Kiełbasa ŝywiecka z indyka;90 g;biedronka;160;
Kiełbasa ŝywiecka;286 g;biedronka;216;
Kiełbasa ŝywiecka;600 g;biedronka;216;
Kiełbasa ze wsi;300 g;auchan;245;
Kiełbasa z weka;300 g;auchan;269;
Kiełbasa wieprzowa z dodatkiem mięsa wołowego - Salami z pieprzem;160 g;dino;399;
Kiełbasa wieprzowa homogenizowana wędzona parzona w osłonce niejadalnej.;250 g;dino;252;
Kiełbasa śląska grillowana;1,212 kg;biedronka;258;
Kiełbasa śląska;7580 g;auchan;265;
Kiełbasa śląska;~1313 g;biedronka;249;
Kiełbasa śląska;500 g;lidl;248;
Kiełbasa sucha Krakowska;100 g;biedronka;212;
Kiełbasa Rakowska;400 g;lidl;183;
Kiełbasa podwawelska;500 g;biedronka;257;
Kiełbasa podwawelska;520 g;lidl;230;
Kiełbasa myśliwska sucha;1150 g;auchan;278;
Kiełbasa kurczęca homogenizowana wędzona parzona w osłonce niejadalnej.;1pcs;dino;182;
Kiełbasa kurczęca homogenizowana wędzona parzona w osłonce niejadalnej.;200 g;şabka;182;
Kiełbasa krakowska sucha;100g;lidl;176;
Kiełbasa krakowska - konserwa wieprzowa grubo rozdrobniona sterylizowana;280 g;biedronka;167;
Kiełbasa biała wieprzowa Naturrino;480 g;biedronka;277;
Kiełbasa biała;280 g;auchan;276;
Ketchup z doatkiem miodu czosnku i tymianku.;300 g;biedronka;132;
Ketchup włoski;350 g;auchan;91;
Ketchup pikantny z pomidorów z Kujaw;380 g;auchan;106;
Ketchup pikantny;970 g;auchan;106;
Ketchup pikantny;500 g;auchan;76;
Ketchup pikantny;500 g;biedronka;144;
Ketchup pikantny;300 g;biedronka;124;
Ketchup pikantny;500 g;biedronka;99;
Ketchup pikantny;470 g;biedronka;92;
Ketchup pikantny;460 g;dino;94;
Ketchup Pikantny;900 g;intermarche;76;
Ketchup pikantny;430 g;irena;122;
Ketchup pikantny;560 g;lidl;144;
Ketchup pikantny;560 g;lidl;140;
Ketchup pikantny;500 g;mila;46;
Ketchup pikantny;750 g;netto;92;
Ketchup nr. VII;585 g;auchan;147;
Ketchup nr VII;490 g;auchan;147;
Ketchup łagodny Pudliszek;275 g;şabka;131;
Ketchup łagodny markowy;450 g;auchan;107;
Ketchup łagodny;290 g (253 ml);auchan;107;
Ketchup łagodny;560 g;biedronka;135;
Ketchup łagodny;560 g;biedronka;134;
Ketchup Łagodny;1000 g;biedronka;102;
ketchup łagodny;450 g;biedronka;102;
Ketchup łagodny;470 g;biedronka;91;
Ketchup łagodny;460 g;dino;98;
Ketchup łagodny;430 g;irena;100;
Ketchup łagodny;470 g;lewiatan;95;
Ketchup łagodny;560 g;lidl;148;
Ketchup łagodny;500 g;mila;46;
Ketchup łagodny;750 g;netto;91;
Ketchup junior;330 g;biedronka;103;
Ketchup Ɨagodny;450 g;netto;102;
Ketchup Hot;500 ml;kaufland;106;
Ketchup classic;300 g;biedronka;123;
Ketchup bardzo pikantny;560 g;mila;98;
Ketchup;480 g;asda;140;
Ketchup;380 g;auchan;106;
Ketchup;470 g;mila;95;
Kepchup;560 g;biedronka;131;
Kefir truskawkowy 0%;450 g;tesco;70;
Kefir truskawkowy;400 g;lidl;68;
Kefir owoce leśne 0% tłuszczu;400 g;auchan;66;
Kefir owoce leśne 0%;450 g;tesco;66;
Kefir owoce leśne;350 g;dino;68;
Kefir naturalny 15 % tłuszczu;400 g;biedronka;44;
Kefir naturalny 0 %.;450 g;tesco;33;
Kefir naturalny;250 g;auchan;51;
Kefir naturalny;1 l;dino;48;
Kefir naturalny;400 g;intermarche;52;
Kefir brzoskwiniowy;375 g;auchan;68;
Kefir;375 g;auchan;68;
Kefir;375 g;auchan;46;
Kefir;400 g;intermarche;43;
Kawałki tuńczyka;279 g;carrefour;107;
Kawalki tunczyka;150 g;carrefour;133;
Kawa zboşowa Kujawianka;500 g;auchan;7;
Katarzynki Torunskie Pierniki;60 g;mila;393;
Kaszotto;250 g;lewiatan;164;
Kaszka zboşowa jabłko śliwka.;180 g;mila;369;
Kaszka manna na mleku z sosem wiśniowym (20%);130 g;biedronka;127;
Kaszetto gulaszowe;204 g;auchan;107;
Kaszanka;300 g;auchan;307.73;
Kasza pęczak jęczmienny;400 g;auchan;325;
Kasza owsiana pęczak praşona;450g;auchan;380;
Kasza manna na mleku i śmietance;200 g;biedronka;131;
Kasza manna;500g;biedronka;341;
Kasza manna;500 g;biedronka;339;
Kasza kuskus z pszenicy durum;300 g;polska-chata;338;
Kasza kuskus;1 kg;carrefour;354;
Kasza jęczmienna perłowa;400 g (4 x 100 g);biedronka;326;
Kasza jęczmienna wiejska;400 g (4 x 100 g);auchan;343;
Kasza jęczmienna perłowa;400g;tesco;341;
Kasza jęczmienna;400 g (4 x 100 g);carrefour;388;
Kasza jaglana;400 g (4 x 100 g);biedronka;350;
Kasza jaglana;1 kg;netto;346;
Kasza jaglana;400 g (4 x 100 g);polska-chata;348;
Kasza gryczana praşona cała;400 g (4 x 100 g);polska-chata;344;
Kasza gryczana praşona cała;500 g;tesco;332;
Kasza gryczana praşona;400 g (4 x 100 g);auchan;355;
Kasza gryczana praşona;400 g (4 x 100 g);auchan;355;
Kasza gryczana praşona;400 g (4 x 100 g);auchan;350;
Kasza gryczana praşona;400 g (4 x 100 g);auchan;347;
kasza gryczana praşona;400 g;biedronka;135;
Kasza Gryczana Praşona;400 g (4 x 100 g);biedronka;104;
Kasza gryczana praşona;400g;lidl;355;
Kasza gryczana praşona;400 g (4 x 100 g);tesco;367;
Kasza gryczana biała;400 g (4 x 100 g);auchan;342;
Kasza gryczana biała;400 g (4 x 100 g);biedronka;335;
Kasza bulgur z papryką i czerwoną fasolą;250 g;lewiatan;140;
Kasza Bulgur;400 g (4 x 100 g);biedronka;332;
Karmi classic;400 ml;lidl;36;
Karmelki twarde mleczne;400 g;biedronka;406;
Karmelki o smaku owocowym;150 g;auchan;391;
Karmelki mleczne nadziewane czekoladą mleczną 18%.;250 g;biedronka;417;
Karmelki mleczne;150 g;carrefour;406;
Kapusta zasmaşana;480 g;biedronka;107;
Kapusta kwaszona duszona;480 g;biedronka;60;
Kapusta Kwaszona;1 kg;e-lecelrc;15;
Kapusta kiszona z marchewką;900 g (przed odsączeniem 1000 g);biedronka;16;
Kanapkowy z ogórkiem i koperkiem.;130 g;dino;203;
Kalifornijskie migdały całe łuskane.;200 g;lidl;621;
Kalamata olive paste;180 g;lidl;240;
kakaokiks;176 g;flying-tiger;480;
Kakao o obnişonej zawartości tłuszczu;150 g;auchan;303;
Kakao o obnişonej zawartości tłuszczu;200 g;dino;313;
Kakao Decomorreno;150g;auchan;309;
Kajmak - Masa krówkowa o smaku Tiramisu;460 g;auchan;291;
Kabanosy klasyczne wieprzowo-wołowe drobno rozdrobnione wędzone parzone suszone.;120 g;biedronka;564;
Kabanosy klasyczne drobiowe z dodatkiem wieprzowiny;400 g;lidl;428;
Kabanosy bekonowe z pieprzem;120 g;biedronka;546;
Kabanosy;90g;kaufland;432;
Kabanos wieprzowy extra;284 g;auchan;502;
Kabanos excellence z indyka z dodatkiem wieprzowiny;100 g;biedronka;490;
Kabanos drobiowo-wieprzowy;300 g;biedronka;428;
Kabanos Chili;120 g;biedronka;490;
Kabanos & stixy;100 g;auchan;443;
Kabanos;95 g;biedronka;506;
Jus multifruits;1 l;lidl;50;
Jogurt z świeşymi śliwkami ze szczepem bakterii ActiRegularis;480 g (4 x 120 g);auchan;87;
Jogurt z owocami (banan mango marakuja);150 g;biedronka;88;
Jogurt z kiwi;150 g;auchan;90;
Jogurt z kiwi;350 g;biedronka;97;
Jogurt z jagodami.;140 g;auchan;90;
Jogurt z jagodami;140 g;auchan;86;
Jogurt wiśniowy;400 g;biedronka;91;
Jogurt waniliowy do picia;350 g;auchan;70;
Jogurt typu islandzkiego Skyr;150 g;lidl;64;
Jogurt typu greckiego z truskawkami 24% tłuszczu;150 g;şabka;94;
Jogurt typu greckiego z jagodami 24% tłuszczu;150 g;şabka;94;
Jogurt typu greckiego z brzoskwinią i marakują 24% tłuszczu;150 g;auchan;94;
Jogurt typu greckiego waniliowy;125 g;auchan;93;
Jogurt typu greckiego jagodowy;125 g;auchan;86;
Jogurt typu greckiego;380 g;dino;98;
Jogurt truskawkowy;600 g (4 x 150 g);aldi;82;
Jogurt Truskawka Poziomka;400 g;biedronka;84;
Jogurt śliwka z owocami goji do picia;350 g;auchan;70;
Jogurt polski brzoskwinia z marakują.;150 g;tesco;94;
Jogurt Polski;150 g;tesco;395;
Jogurt pitny z przetartymi owocami i zmielonymi płatkami owsianymi i siemieniem lnianym.;250 g;biedronka;56;
Jogurt pitny z przetartymi owocami i zmielonymi płatkami owsianymi i jaglanymi.;250 g;biedronka;58;
Jogurt pitny wysokobiałkowy truskawkowy z L-karnityną.;230 g;intermarche;71;
Jogurt pitny truskawkowy 0% tłuszczu.;400 g;biedronka;41;
Jogurt pitny polski bez laktozy owoce leśne.;250 g;dino;66;
Jogurt pitny o smaku suszonej śliwki 0% tłuszczu.;400 g;biedronka;41;
Jogurt owocowy;200 g;lidl;53;
Jogurt owocowy;200 g;lidl;53;
Jogurt owocowy;200 g;lidl;51;
Jogurt owoce leśne;150 g;tesco;92;
Jogurt owoce lasu;400 g;biedronka;91;
Jogurt o smaku Panna Cotta z truskawkami;350 g;biedronka;96;
Jogurt o smaku jagodowym z chia oraz szczepem bakterii ActiRegularis;280 g;tesco;56;
Jogurt o smaku brzoskwinia - mango ze szczepem bakterii ActiRegularis;300 g;tesco;63;
Jogurt o smaku ananas-mango z nasionami i zboşami oraz szczepem bakterii ActiRegularis;280 g;lewiatan;64;
Jogurt naturalny z wapniem;250 g;biedronka;60;
Jogurt naturalny typu greckiego 2% tłuszczu.;150 g;biedronka;70;
Jogurt naturalny typu greckiego;400 g;biedronka;126;
Jogurt naturalny typu greckiego;400 g;biedronka;124;
Jogurt naturalny Tola 190g;190 g;biedronka;71;
Jogurt naturalny kremowy;400 g;lidl;73;
Jogurt naturalny gęsty;430 g;chata-polska;58;
Jogurt naturalny do picia ze szczepami bakterii ActiRegularis;300 g;auchan;37;
Jogurt naturalny Bio şe szczepami bakterii ActiRegularis;150 g;tesco;64;
Jogurt naturalny Bio;140 g;biedronka;65;
Jogurt naturalny 0% tłuszczu z wsadem z czerwona porzeczka - czarna porzeczka.;150 g;biedronka;86;
Jogurt naturalny 0% tłuszczu o wysokiej zawartości białka;150 g;biedronka;66;
Jogurt naturalny +wapń;250 g;biedronka;58;
Jogurt naturalny;200 g;auchan;67;
Jogurt naturalny;330 ml;auchan;50;
Jogurt naturalny;400 g;biedronka;57;
Jogurt malina z granatem;330 ml;auchan;85;
Jogurt kremowy o smaku tarty malinowej;250 g;biedronka;126;
Jogurt kremowy kokosowy-migdały;250 g;biedronka;129;
Jogurt Jogobella;330 g;biedronka;90;
Jogurt jagodowy do picia;350 g;auchan;70;
Jogurt jagodowy;150 g;tesco;90;
Jogurt jabłko i gruszka;150 g;biedronka;76;
Jogurt ekologiczny z jagodami;200 g;auchan;98;
Jogurt do picia;350 g;carrefour;70;
Jogurt Chia;140 g;biedronka;92;
Jogurt brzoskwiniowy;175 g;biedronka;91;
Jogurt brzoskwinia-marakuja;400 g;biedronka;91;
Jogurt Bio o smaku jagoda-kwiat czarnego bzu ze szczepem bakterii ActiRegularis.;150 g;tesco;78;
Jogurt Bio Fresas;140 g;biedronka;93;
Jogurt Augustowski 0% tłuszczu;350 g;auchan;69;
Jogurt 7 zbóş şe śliwkami;140 g;auchan;94;
Jogurt 7 zbóş z truskawkami.;140 g;auchan;94;
Jogurt 7 zbóş z brzoskwiniami.;140 g;auchan;94;
Jogobella Strawberry Standard;150 g;auchan;100;
Jogobella;380 g;biedronka;97;
Jeşyki Kokos;140 g;dino;492;
Jaśki z kremem o smaku mlecznym;150 g;auchan;408;
Jarmuş myty krojony;200 g;biedronka;44;
Jajka L;10 szt.;biedronka;139;
Jajeczka z czekolady mlecznej;100 g;lidl;544;
Jaja z chowu ściołkowego;10 sztuk;biedronka;139;
Jaja świeşe;10 szt.;lidl;139;
Jaja L;10 szt.;biedronka;139;
Jagody w lekkim syropie;155 g (przed odsączeniem 400 g);biedronka;76;
Jagody goji suszone;150 g;auchan;343;
Jaglanka Marchewka i Pomarańcza;65 g;şabka;412;
Jaffa cake minis Orange;150 g;kaufland;387;
Jabłko 100% naturalny sok;330ml;lewiatan;44;
Jabłka praşone;860 g;biedronka;61;
Jabłka czerwone;2kg;lidl;51;
Infinity burger;227 g;kaufland;191;
Impression energy drink;250 ml;auchan;47;
Ice Tea Lemon;1,5l;biedronka;28;
Huzar Miod Wielokwiatowy;350 g;carrefour;339;
Hummus z pestkami dyni i słonecznika;180 g;rossmann;324;
Hummus pomidorowy;160 g;biedronka;267;
Hummus;125 g;społem;378;
Hummus;125 g;społem;377;
Hummus;125 g;społem;376;
Horcice. Musztarda kremska;210 g;biedronka;138;
Hopki;500g;biedronka;365;
Honey Ballz;500 g;carrefour;390;
Honey ' nuts z miodem;125 g;carrefour;595;
Holenderski ser kozi półtwardy ser podpuszczkowy z mleka koziego w plastrach.;125 g;auchan;384;
Holenderski ser kozi półtwardy ser podpuszczkowy z mleka koziego w plastrach.;100 g;auchan;384;
Herring single portion with onion;110 g;biedronka;274;
Herring rolls with onion in rapeseed oil;200 g;sainsbury-s;224;
Herring flakes;230 g (przed odsączeniem 400 g);auchan;75;
Herbatniki w masie czekoladopodobnej (49%);100 g;biedronka;500;
Herbatniki pełnoziarniste;50 g;mila;437;
Herbatniki oblane czekoladą mleczną.;188 g;biedronka;470;
Herbatniki Korzenne;300 g;biedronka;461;
Herbatniki;50 g;mila;440;
Herbatka czarna ekspresowa;280 g (200 x 1,4 g);intermarche;4;
Herbata ziołowa miętowa;50 g (25 x 2 g);lidl;1;
Herbata czarna z naturalnym aromatem;184 g (92 x 2 g);biedronka;4;
Herbata czarna;115 g (50 x 2,3 g);auchan;4;
Herbaciany ogród malina z şurawiną;54 g (20 x 2,7 g);biedronka;1;
Herbaciany ogród - Prosto z lasu.;50 g (20 x 2,5 g);dino;1;
Hellena- Orangeade Blanche;1,25 l;biedronka;35;
Harnasie maślane w czekoladzie;152 g;auchan;508;
Haricots rouges;240 g (przed odsączeniem 400 g);biedronka;101;
Halva;250 g;lidl;556;
Haga serek twarogowy śmietankowy;100 g;auchan;282;
Gulasz wegetariański z pszenicy;430 g;lewiatan;73;
Gulasz angielski 95 % mięsa;300 g;biedronka;241;
Guacamole;150 g;biedronka;154;
Grzeski gofre;33 g;dino;535;
Grzeski;48 g;dino;522;
Grzanki z ziołami;150g;carrefour;391;
Grzanki;400 g;carrefour;408;
Grzanki;225 g;carrefour;408;
Grzanki;400 g;carrefour;407;
Grzanki;225 g;carrefour;407;
Grubo krojone chipsy ziemniaczane o smaku pikantono-śmietankowym.;160 g;biedronka;533;
Groszek konserwowy;400 g;auchan;77;
groszek konserwowy;400g;biedronka;86;
Groszek;400 g;biedronka;71;
Groch łuskany połówki;500 g;biedronka;330;
Groch łuskany połówki;500 g;dino;319;
Grejpfrut Napój owocowy;1 l;carrefour;16;
Green olives;170 g;lidl;145;
Green lentils;500g;lidl;310;
Green Ice Tea - Lipton;1,5 l;biedronka;19;
granola z kawałkami czekolady praşonymi orzeszkami ziemnymi ilaskowymi;350g;biedronka;457;
Góralki Milky Wafer;50 g;biedronka;550;
Gouda Mlekovita 150g;150 g;auchan;334;
Gouda - ser topiony kremowy;100 g;lidl;220;
Gouda;135 g;kaufland;352;
Gołąbki z kaszą gryczaną w sosie pieczarkowym.;500 g;auchan;70;
Gołąbki w sosie pomidorowym.;480 g;auchan;55;
Gołąbki w sosie pomidorowym;500 g;lewiatan;65;
Golonkowa;300 g;tesco;142;
Golonka wieprzowa bez kości;420 g;biedronka;210;
Golonka Pieczona;372 g;biedronka;233;
go on protein;50 g;lidl;424;
Girane Sßbe EishÜrnchen;150 g;kaufland;380;
Geriffelte Chips Salz light;150 g;kaufland;485;
Gazowany napój energetyzujący z tauryną i naturalną kofeiną.;1 l;biedronka;46;
Gazowany napój energetyzujący o smaku kawowym z witaminami;250 ml;auchan;48;
Gazowany napój energetyzujący o smaku cytrusowym z dodatkiem witamin;250 ml;lidl;44;
Gazowany napój energetyzujący;1 l;kaufland;3;
Gazowany napój energetyczny z tauryną i kofeiną wzbogacony witaminami;250 ml;auchan;26;
Gazowany napoj energetyzujący o smaku miętowo-cytrynowym;250 ml;auchan;46;
Galaretki o smaku wiśniowym w czekoladzie;190 g;lidl;391;
Galaretka z kurczaka;200 g;polska-chata;35;
Galaretka o smaku wiśniowym w czekoladzie;190 g;netto;366;
Galaretka o smaku truskawkowym w proszku.;75 g;biedronka;50;
Fulvica;500 ml;jagoda-sam;0;
Fuet Extra;160 g;biedronka;422;
Frytki;2.5 kg;carrefour;133;
Fruit musli;1 kg;kaufland;340;
Frugo Pomaranczowe;500 ml;dino;30;
Freeway;2 l;lidl;38.8;
Frankfurterki z szynki wieprzowej;350 g;lidl;232;
Frankfurterki wędzone;270 g;biedronka;313;
Foodini Słonecznie ŝółty Marakuja;250 ml;şabka;91;
Flora;400 g;kaufland;398;
Flądra w sosie pomidorowym;170 g;carrefour;78;
Flaki po zamojsku - flaki wołowe w sosie pomidorowym;500 g;auchan;76;
Flaki po zamojski - flaki wołowe w sosie pomidorowym.;500 g;auchan;71;
Fit & Easy Lunch Menu Makaron i Kurczak;305 g;netto;124;
Finest Dark Chocolate;100g;kaufland;535;
Filety şe śledzia w oleju;170 g;auchan;355;
Filety z tuńczyka białego w oliwie z oliwek.;190g;lidl;370;
Filety z makreli w sosie pomidorowym.;175 g;auchan;180;
Filety z makreli w sosie pomidorowym.;170 g;dino;91;
Filety z makreli w sosie pomidorowym z suszonymi pomidorami.;120 g;auchan;270;
Filety z makreli w sosie pomidorowym z papryką.;85 g (przed odsączeniem 175 g);auchan;227;
Filety z makreli w sosie pomidorowym;170 g;biedronka;196;
Filety z makreli w sosie pomidorowym;170 g;lidl;231;
Filety z makreli w sosie pomidorowym;170 g;mila;130;
Filety z makreli w oleju z papryką jalapeno;102 g (170 g);netto;452;
Filety z makreli w oleju;170 g;mila;364;
Filety z makreli hiszpańskiej;125 g;carrefour;169;
Filety śledziowe w sosie śmietanowym;300g;lidl;307;
Filety śledziowe w sosie pomidorowym;170 g;biedronka;154;
Filety Śledziowe w sosie koperkowym;300 g;kaufland;288;
Filety śledziowe w sosie grzybowym z kurkami;280g;auchan;300;
Filety śledziowe w oleju roślinnym.;170 g;netto;355;
Filety śledziowe w oleju a'la Matjas;220 g;tesco;194;
filety śledziowe solone;800 g;carrefour;112;
Filety śledziowe panierowane i smaşone w zalewie octowej.;330 g (przed odsączeniem 800 g);auchan;212;
Filet z pstrąga wędzonego na gorąco z pieprzem;125 g;auchan;138;
Filet z makreli wędzony z posypką;174 g;biedronka;269;
Fig and almond cake;200 g;lidl;286;
Fibra sticks;375 g;carrefour;314;
Fibra original;500 g;carrefour;372;
Fibra original;500 g;carrefour;372;
Fibra 5 suszonych owoców;500 g;carrefour;381;
Feta;270 g;mila;220;
Fermentowany napój mleczny probiotyczny słodzony.;600 g (6 x 100 g);auchan;77;
Fermentowany napój mleczny probiotyczny słodzony truskawkowy.;600 g (6 x 100 g);auchan;80;
Faworki;200 g;biedronka;561;
Fasolka po bretońsku z kiełbasą i boczkiem.;500 g;auchan;111;
Fasolka po bretońsku;500 g;lewiatan;66;
Fasola Piękny Jaś karłowy;500 g;dino;315;
fasola biała;400 g;carrefour;101;
Fantasia truskawkowa;118g;auchan;121;
Extra virgin olive oil;500 ml;lidl;120;
Extra Dark Chocolate 80% Cocoa;80 g;tesco;558;
Estella o smaku toffi;50 g;biedronka;537;
Estella Kokosowa;50 g;biedronka;539;
Energy Light Drink;250 ml;carrefour;3;
Energetyk Dzik;500ml;wksklep-pl;3;
Elitesse chocolate coated wafer;23g;mila,auchan;535;
elitesse;20 g;polska-chata;533;
Ekstrakt z miąşszu kokosa;400 ml;biedronka;169;
Ekologiczny napój owsiany UHT.;1 l;biedronka;42;
ekologiczna Fasolka szparagowa;340 g;carrefour;26;
Ekodobro! Pikantny sok pomidorowy EKO;200 ml;lidl;26;
E. Wedel Pawelek Advocat;45 g;dino;464;
Dşem z truskawek i limonki niskosłodzony.;280 g;dino;141;
Dşem z pomarańczy;280 g;biedronka;247;
Dşem z czarnej porzeczki niskosłodzony;280 g;dino;146;
Dşem z czarnego bzu;410 g;biedronka;149;
Dşem wiśniowy o obnişonej zawartości cukrów;270 g;polska-chata;139;
Dşem wiśniowy;220 g;biedronka;633;
Dşem wiśniowy;220 g;biedronka;150;
Dşem truskawkowy niskosłodzony.;380 g;biedronka;142;
Dşem truskawkowy niskosłodzony;280 g;dino;138;
Dşem truskawkowy;410 g;biedronka;137;
Dşem malinowy niskosłodzony;270 g;polska-chata;152;
Dşem Brzoskwiniowy niskosłodzony;280 g;dino;143;
Dziki Orzech;1 kg;sfd;560;
Duńskie masło;200 g;lidl;747;
Duet mango-imbir;350 g;auchan;67;
Droşdşe Lwowskie;100 g;auchan;116;
Dried plums;200g;carrefour;121;
Draşe piłkarskie o smaku czekoladowym;70 g;tesco;498;
Draze Kokos 70G;70 g;tesco;478;
Draze chinskie;125 g;irena;512;
Double pleasure hazelnut & chocolate;120 g;auchan;121;
Dobra kaloria Superfoods - miechunka & chia;35 g;maroko;312;
Dmuchana pszenica karmelizowana;375 g;carrefour;378;
Desperados Red;400 ml;auchan;63;
Deser Mleczny;240 g;kaufland;163;
Delisana Gluten Free Soft cakes;150 g;netto;354;
Dare;50g;auchan;527;
Danio Truskawkowe;140g;tesco;104;
Danie Pure Śmietana z ziołami;48 g;auchan;87;
Danie kontynentalne z kaszą blugur i kiełkami;280 g;biedronka;181;
Dan Cake Chleb Tostowy Pełnoziarnisty;500 g;kuchenmeister-werksverkauf;247;
Daktyle suszone;1 kg;auchan;289;
Czerwona kapusta w zalewie octowej;680g;lidl;64;
Czekoladki z nadzieniem o smaku miętowym;200 g;biedronka;457;
Czekolada Tiramisu;293 g;biedronka;524;
Czekolada śmietankowa z ksylitolem;50 g;auchan;555;
Czekolada mleczna z nadzieniem orzechowym i kawałkami orzechów laskowych;157.5 g;biedronka;557;
Czekolada mleczna z nadzieniem archaidowym;100 g;biedronka;533;
Czekolada mleczna z nadzieniem arachidowym;100 g;lidl;546;
Czekolada mleczna z nadzieniem (26%) o smaku karmelowym z kawałkami wafli i nadzieniem (22%) karmelowym słonym;42 g;lidl;520;
Czekolada mleczna z mleka alpejskiego z praşone kawałeczki orzechy laskowe.;100 g;biedronka;574;
Czekolada mleczna z mleka alpejskiego z nadzieniem o smaku truskawkowym (51%);100 g;spar;552;
Czekolada mleczna z całymi orzechami laskowymi;100 g;biedronka;563;
Czekolada mleczna z całymi orzechami laskowymi;100 g;mila;530;
Czekolada Mleczna Nadziewana Truskawkowa;100 g;biedronka;517;
Czekolada mleczna;90 g;auchan;523;
Czekolada mleczna;100g;biedronka;551;
Czekolada mleczna;100 g;biedronka;545;
Czekolada mleczna;100 g;lidl;528;
Czekolada mleczna;100 g;tesco;558;
Czekolada gorzka z kandyzowaną skórką pomarańczy;100 g;auchan;546;
Czekolada gorzka 95% kakao;100 g;biedronka;580;
Czekolada gorzka 70%;100 g;auchan;534;
Czekolada gorzka;100 g;lidl;525;
Czekolada do picia o smaku słonego karmelu.;220 g;intermarche;335;
Czekolada do picia o obnişonej zawartości tłuszczu;200 g;dino;356;
Czekolada do picia kakao;220 g;auchan;377;
Czekolada deserowa z nadzieniem o smaku pistacjowym z kawałkami migdałów i orzechów pistacjowych;155 g;biedronka;562;
Czekolada deserowa z nadzieniem o smaku malinowym;100 g;biedronka;454;
Czekolada deserowa z całymi orzechami laskowymi;100 g;lidl;587;
Czekolada deserowa 43% cocoa;100 g;auchan;538;
Czekolada biała;100 g;auchan;532;
Czekolada biała;100 g;tesco;540;
Czeko tubka. Krem karmelowy;50 g;biedronka;559;
Cytryna;500 g;auchan;1;
Cukierki ziołowe. Kopalnioki;80 g;auchan;388;
Cukierki kawowe;100g;sainsbury-s;436;
Cukierki kakaowe;80 g;auchan;400;
Cukier waniliowy;16 g;lidl;397;
Cukier trzcinowy nierafinowany Demerara;500 g;auchan;398;
Cukier trzcinowy nierafinowany Demerara;400 g;auchan;396;
Cukier trzcinowy nierafinowany;1 kg;auchan;400;
Cukier trzcinowy nierafinowany;400 g;tesco;396;
Cukier puder;500 g;tesco;400;
Cukier Gruba Rafinada;1 kg;auchan;400;
Cukier brązowy Demerera;500 g;tesco;400;
Cukier biały;1 kg;lidl;406;
Cukier 1 kg;1 kg;tesco;400;
Cucumbers in brine;400g;rewe;7;
CRUNCHY Truskawki;500 g;carrefour;442;
Crunchy owocowe;350g;biedronka;401;
Crunchy Lemmings;70 g;carrefour;386;
Crunchy jabłka;500 g;carrefour;428;
Crunchy gorzka czekolada;375 g;carrefour;457;
Crunchy gorzka czekolada;500 g;carrefour;453;
Crunchy 5 suszonych owoców;750 g;carrefour;448;
Crunchy 5 suszonych owoców;375 g;carrefour;448;
Crunchy 5 suszonych owoców;500 g;carrefour;446;
CROCKS Smak CZEKOLADOWO-ORZECHOWY;500 g;carrefour;445;
CROCKS Mleko;500 g;carrefour;438;
CROCKS Mleko;175 g;carrefour;431;
Crocks gorzka czekolada;400 g;carrefour;448;
Crocks gorzka czekolada;500 g;carrefour;422;
Crispy Sourcream & Onion Stacked Chips;100g;kaufland;523;
Creme Brulee;200 g;biedronka;211;
Creme al pistacchio;90 g (120 ml);lidl;596;
Cream Cheese with green olives;135 g;auchan;246;
Cranberry drinking jogurt;330 ml;auchan;84;
Coś na ząb owsianka z jabłkiem i bananem;50 g;megasam-şoliborski,społem;367;
Cornflakes;500 g;carrefour;375;
Corn flakes original;500 g;carrefour;382;
Corn flakes original;750 g;carrefour;377;
Corn flakes;500 g;carrefour;373;
Cookies z kawałkami czekolady i orzechami laskowymi;200 g;carrefour;501;
Cookies with chocolate and hazelnut;135 g;auchan;436;
coniglio pasquale;75 g;lidl;525;
Cola zero;2 l;auchan;0.2;
Cola Original;2 l;biedronka;39;
Cola Original;1,5L;biedronka;38;
Cola original;500 ml;biedronka;38;
Coca-Cola Cherry;1 l;auchan;43;
Classic Hummus;170 g;auchan;285;
Cini Minis;500 g;auchan;419;
Cini minie Crazycrunsh;350 g;auchan;434;
Cieciorka;265g;kaufland;120;
Ciecierzyca Gotowana;400g;lidl;117;
Ciecierzyca;500 g;lidl;340;
Cider;135 g;şabka;342;
Ciastko z kremem mlecznym i czekoladowo-orzechowym;29 g;dino;443;
Ciastko biszkoptowe z nadzieniem (15%) z truskawkami (26%) i nadzieniem o smaku waniliowym (15%).;150g;biedronka;371;
Ciastka zboşowe z musli wzbogacone w wapń magnez i şelazo.;50 g;lidl;435;
Ciastka owsiane z cynamonem;350 g;ikea;506;
Ciasteczka z ziarnami słonecznika i sezamu oraz siemieniem lnianym;300 g;biedronka;561;
Ciasteczka z kawałkami czekolady;150 g;auchan;452;
Ciasteczka wielozboşowe z dodatkiem mleka;300 g (6 x 50 g);biedronka;437;
Ciasteczka jaglano-gryczane;120 g;lidl;487;
Chrzan tarty şe śmietanką;160 g;biedronka;209;
Chrzan tarty;160 g;biedronka;157;
Chrzan tarty;270 g;biedronka;124;
Chrzan tarty;160 g;biedronka;113;
Chrzan tarty;160 g;dino;127;
Chrzan tarty;160 g;irena;124;
Chrzan Staropolski 190G. Motyl;190 g;auchan;147;
Chrzan Staroploski 290G. Motyl;290 g;auchan;17.sty;
Chrzan Nadwarciański;200 g;dino;86;
Chrzan horseradish tarty;290 g (315 ml);auchan;95;
Chrzan;240 g;biedronka;157;
Chrupki ziemniaczane o smaku paprykowym.;110 g;biedronka;536;
Chrupki kukurydziane w polewie deserowej;120 g;dino;564;
Chrupki kukurydziane;75 g;biedronka;383;
Chrupki Jaglane Solone;150 g;lidl;370;
Chrupki jaglane Arachidowe;120 g;lidl;464;
chrup marchew na ostro;18 g;carrefour;62;
Chorwacka szynka dojrzewającąca;100 g;lidl;293;
Chocofini krem o smaku czekoladowym;400 g;biedronka;573;
Choco Rice;375 g;carrefour;387;
Choco kulki;500 g;biedronka;377;
Choco Curlz;375 g;carrefour;389;
Choco Bollz;375 g;carrefour;385;
Choco Bollz;375 g;carrefour;379;
Chocapic - smak choco-orzechowy;450 g;kaufland;419;
CHMIELOWA  05L;500 ml;auchan;0;
Chlorella;100 g;auchan;326;
Chleb ŝytnio-Wiejski;700 g;dino;280;
Chleb şytni-razowy;500 g;chata-polska;228;
Chleb şytni z pełnego ziarna şyta razowy;450 g;lidl;200;
Chleb şytni bez droşdzy;350 g;mila;209;
Chleb z mąką krojony - pieczywo mieszane;500 g;biedronka;231;
Chleb z kiełkami şyta;600 g;auchan;229;
Chleb wieloziarnisty ciemny;0.5 kg;dino;305;
Chleb wieloziarnisty;450 g;biedronka;272;
Chleb wieloziarnisty;500 g;chata-polska;248;
Chleb wieloziarnisty;400 g;şabka;231;
Chleb wiejski krojony;500 g;şabka;225;
Chleb słonecznikowy krojony;0.45 kg;dino;291;
Chleb Sandomierski;0,7 kg;chata-polska;262;
Chleb pszenno-şytni z nasionami słonecznika i sezamu oraz siemieniem lnianym.;400 g;lidl;257;
Chleb pszenno-şytni krojony.;550 g;biedronka;245;
Chleb przaśny Podpłomyki;55 g;auchan;408;
Chleb na maślance;500 g;polska-chata;215;
Chleb mieszany pszenno-şytni z dodatkiem naturalnego zakwasu şytniego oraz ziaren krojony. Złoty łan;400 g;biedronka;302;
Chleb Kamyśnisk krojony;500 g;biedronka;242;
Chleb firmowy pieczywo mieszane pszenno-şytnie;500 g;polska-chata;214;
Chleb Baltonowski krojony;500 g;dino;322;
Chipsy ziemniaczane solone;180 g;biedronka;549;
Chipsy ziemniaczane o smaku cebulki;140 g;auchan;528;
Chipsy ziemniaczane o smaku bekonowym.;130 g;tesco;540;
Chipsy miesne wieprzowr papryka;25 g;lidl;418;
Chia nasiona szałwii hiszpańskiej;160 g;lidl;433;
Cheese Corn Snack;125 g;tesco;491;
Cheddar red;150 g;auchan;390;
Cheddar długodojrzewający 10m-cy;200 g;biedronka;416;
Chałwa sezamowa os smaku waniliowym;100 g;biedronka;541;
Chałwa sezamowa kakaowa;100 g;dino;544;
Chalwa sezamowa;100 g;dino;494;
Cetriolini al chili;300 g (przed odsączeniem 640 g);biedronka;42;
Cebulka zapiekana;200 g;biedronka;590;
Cebulka praşona;150 g;lidl;590;
Castella deserowa;50 g;biedronka;536;
Cashew-kerne;200 g;kaufland;614;
Carmel Trolki;500 g;dino;392;
Cappuccino z magnezem;110 g;irena;431;
Cappuccino z magnezem;130 g;lidl;417;
Cappuccino waniliowe;110 g;irena;450;
cao kido;450 g;auchan;72;
Butter extra;200 g;mila;744;
Butter Biscuits - Dark Chocolate;125 g;kaufland;509;
Burrata;100 g;biedronka;259;
Burger Rośliny;170 g;kaufland;353;
Bułki hamburgerowe XXL;356 g (4 x 89 g);biedronka;259;
Bułka tarta pszenna drobno mielona;400 g;tesco;354;
Bułka tarta pszenna;450 g;biedronka;361;
Bułka tarta;750 g;lidl;355;
Bukiet warzyw kwiatowy;450 g;auchan;28;
Budyń smak śmietankowy;40 g;biedronka;97;
Budyń o smaku malinowym bez cukru w proszku;35 g;auchan;91;
Brzoskwinie w syropie;460 g (przed odsączeniem 820 g);auchan;60;
Brzoskwinie Połówki W Lekkim Syropie;820 g;biedronka;59;
Brokuły róşyczki;450 g;biedronka;20;
Brokuł;500 g;auchan;25;
Brie. Ser podpuszczkowy dojrzewający z porostem białej pleśni;125 g;lidl;288;
Brasil;1 l;şabka;42;
Boczek wędzony plastry;100g;netto;277;
Blanc;400 g;carrefour;532;
Biszkopty z kremem o smaku śmietankowym (30%) nadzieniem o smaku morelowym (16%) dekorowane polewą kakaową (8%) i białą (2%).;820 g;biedronka;427;
Biszkopty z galaretką o smaku czarnej porzeczki w polewie kakaowej.;800 g;biedronka;373;
Biszkopty z galaretką malinową w czekoladzie;300 g;biedronka;360;
Biszkopty wrocławskie;100 g;auchan;376;
Biszkopty typu Ladyfingers;220 g (2 x 110 g);auchan;380;
Biszkopty podłuşne;175 g (3 x 58.3 g);auchan;385;
Biszkopty o smaku waniliowym.;250 g;tesco;363;
Biszkopty;180 g;biedronka;397;
Biszkopty;120 g;biedronka;390;
Biscotti frollini con cacao e nocciole;350 g;auchan;438;
Bio Wafle ryşowe z solą morską;100 g;lidl;381;
Bio Wafle kukurydziane z Solą morską;100 g;lidl;375;
Bio Tofu;400 g (360 g + 40 g);biedronka;106;
Bio sok z kapusty kwaszonej z solą morską.;500 ml;lidl;15;
Bio sok z buraków ćwikłowych z sokiem z cytryny z zagęszczonego soku z cytryny.;500 ml;lidl;37;
Bio sok pomidorowo-warzywny z solą morską;500 ml;lidl;19;
Bio Ryş brązowy długoziarnisty;500 g;lidl;361;
BIO napój migdałowy;1 l;auchan;12;
Bio mleko pełne;1 l;auchan;68;
Bio Millet Snack Balls Peanut;120 g;lidl;431;
Bio masło;250 g;lidl;747;
bio Kwiatki Kukurydziane Chrupki;80 g;biedronka;249;
bio Krokodylki Kukurydziane Chrupki;80 g;biedronka;249;
Bio kapusta z grochem;420 g;lidl;99;
Bio Hiszpańska oliwa z oliwek.;500 ml;lidl;800;
Bio bigos wegański;420 g;lidl;76;
Bike;500 g;carrefour;344;
Bigos z gęsiną i śliwkami;400 g;auchan;80;
Bieluch Serek Naturalny;150 g;biedronka;127;
Biała czekolada;100 g;auchan;539;
Biała czekolada;100 g;lidl;06.lut;
Bezwodny tłuszcz mleczny Masło klarowane;500 g;lidl;898;
Bezcukrowa guma do şucia;39 g (15 listków);biedronka;142;
Berlinki z serem;250 g;auchan;256;
Berlinki classic;300 g;biedronka;252;
Berlinki chilli;250 g;auchan;251;
belvita orginal breakfast;300 g (6 x 50 g);auchan;440;
Bell's Jaglanka Chia jagoda i şurawina;65 g;netto;366;
Belgijska czekolada mleczna z kawałkami słonego karmelu;100 g;biedronka;530;
Belgijska czekolada deserowa ze skórką pomarańczy i migdałami.;100 g;biedronka;527;
Belgijska czekolada 70%;100 g;biedronka;533;
Bebida de avena;200 g;lidl;46;
Beauty;555 ml;auchan;3;
Batony z karmelem;240 g;carrefour;464;
Batonik z nadzieniem o smaku śmietankowym w mlecznej czekoladzie (z dodatkiem alkoholu).;45 g;auchan;475;
Batonik z nadzieniem o smaku caffe latte w mlecznej czekoladzie (z dodatkiem alkoholu).;45 g;auchan;461;
Baton zboşowy ze śliwkami i polewą o smaku kakaowo-mlecznym.;40 g;biedronka;392;
Baton zboşowy z bananami i polewą o smaku kakaowo-mlecznym.;40 g;biedronka;432;
Baton z orzeszków ziemnych z  şurawiną orzechami nerkowca słonecznikiem rodzynkami i migdałami.;35 g;biedronka;477;
Baton z karmelem i ciastkiem w mlecznej czekoladzie;290 g (5 x 58 g);lidl;505;
Baton z czekolady mlecznej;43 g;biedronka;486;
Baton w czekoladzie mlecznej z nadzieniem mlecznym i herbatnikiem;46 g;dino;547;
Baton owocowy;40 g;biedronka;334;
Baton owocowy;40 g;biedronka;331;
Baton Arcy Orzech;42 g;lidl;225;
Barszcz biały koncentrat;520 ml;biedronka;72;
Barnie;30 g;biedronka;387;
bardzo! trójkąty kukurydziane;100 g;carrefour;341;
Bakalland Kajmak Masa Krówkowa o Smaku Tradycyjnym 460 g;460 g;tesco;287;
BakaDOr. Orzechy włoskie;180 g;biedronka;689;
Ba! 5 owoców leśnych;40 g;dino;407;
Aprikosen getrocknet entsteint;200 g;kaufland;293;
Almond;90 g (120 ml);lidl;344;
Almette z pomidorami;150 g;auchan;236;
Almette a chrzanem;150 g;auchan;250;
After Eight;200 g;biedronka;428;
Advocat;43 g;biedronka;472;
Activia yaourt à boire myrtille;300 g;auchan;60;
Activia malina granat;300 g;lewiatan;60;
Actimel o smaku şurawina-malina-tymianek;400 g (4 x 100g);auchan;71;
Actimel o smaku wieloowocowym;600 g (6 x 100 g);biedronka;79;
Actimel o smaku malinowym;800 g (8 x 100 g);auchan;76;
Actimel o smaku jagida-granat-maca;400 g (4 x 100g);auchan;72;
Actimel klasyczny;800 g (8 x 100 g);auchan;73;
Acti Vege Carrot&Mango;330 ml;auchan;137;
Aceitunas kalamon en salmuera;200 g (przed odsączeniem 360 g);lidl;232;
3 min SERPENTINI;500 g;carrefour;352;
15 ciastek kakaowych z nadzieniem o smaku czekoladowym;330 g;intermarche;473;
100% sok multiwitamina z dodatkiem witamin;200 ml;biedronka;44;
